"[[0, 0, 0], [32, 32, 64], [2, 19, 36], [2, 19, 37], [2, 19, 39], [2, 15, 21], [2, 16, 22], [2, 16, 23], [2, 16, 25], [2, 17, 27], [2, 17, 28], [2, 17, 29], [2, 17, 30], [2, 18, 31], [2, 18, 32], [2, 18, 33], [2, 18, 34], [2, 18, 35], [2, 19, 38], [2, 19, 40], [2, 20, 41], [2, 20, 42], [2, 20, 43], [3, 16, 24], [3, 17, 26], [3, 20, 44], [3, 21, 45], [3, 15, 19], [3, 15, 20], [3, 14, 18], [4, 21, 45], [4, 21, 46], [5, 14, 17], [5, 21, 47], [6, 21, 46], [6, 22, 47], [6, 21, 45], [6, 21, 47], [7, 13, 17], [7, 22, 45], [8, 22, 44], [8, 14, 18], [8, 20, 43], [8, 14, 19], [8, 14, 21], [8, 21, 42], [8, 21, 44], [9, 20, 41], [9, 20, 42], [9, 14, 20], [9, 19, 36], [9, 20, 37], [9, 20, 39], [9, 20, 40], [10, 14, 18], [10, 15, 23], [10, 19, 35], [10, 19, 38], [10, 14, 27], [10, 15, 22], [10, 16, 24], [10, 19, 36], [10, 15, 17], [10, 15, 25], [10, 16, 26], [10, 19, 33], [10, 19, 34], [10, 20, 27], [11, 15, 13], [11, 16, 21], [11, 16, 28], [11, 16, 23], [11, 19, 30], [11, 19, 31], [11, 19, 32], [11, 14, 12], [11, 15, 16], [11, 16, 18], [11, 16, 25], [11, 16, 24], [11, 17, 26], [11, 17, 28], [11, 19, 28], [11, 19, 26], [11, 15, 15], [11, 15, 14], [11, 16, 19], [11, 16, 20], [11, 16, 22], [11, 19, 49], [11, 20, 26], [11, 21, 24], [11, 21, 25], [12, 14, 11], [12, 17, 19], [12, 17, 25], [12, 18, 46], [12, 18, 48], [12, 13, 9], [12, 14, 8], [12, 14, 10], [12, 16, 25], [12, 16, 44], [12, 18, 43], [12, 18, 45], [12, 19, 23], [12, 22, 23], [12, 15, 42], [12, 16, 28], [12, 19, 50], [12, 24, 23], [12, 13, 7], [12, 14, 39], [12, 14, 39], [12, 14, 40], [12, 15, 40], [12, 16, 42], [12, 19, 51], [13, 14, 41], [13, 14, 42], [13, 18, 47], [13, 24, 23], [13, 14, 40], [13, 18, 20], [13, 20, 51], [13, 25, 24], [14, 13, 8], [14, 13, 9], [14, 13, 41], [14, 14, 40], [14, 19, 50], [14, 20, 49], [14, 25, 25], [14, 19, 47], [15, 10, 28], [15, 11, 28], [15, 13, 10], [15, 13, 11], [15, 13, 12], [15, 13, 13], [15, 13, 43], [15, 19, 46], [15, 25, 26], [15, 12, 27], [15, 13, 15], [15, 13, 14], [15, 13, 41], [15, 19, 44], [15, 19, 45], [15, 25, 27], [15, 19, 42], [15, 25, 28], [16, 9, 27], [16, 12, 26], [16, 13, 16], [16, 13, 19], [16, 13, 17], [16, 13, 41], [16, 20, 43], [16, 25, 29], [16, 12, 23], [16, 13, 18], [16, 13, 21], [16, 13, 42], [16, 13, 45], [16, 19, 41], [16, 19, 36], [16, 19, 40], [16, 20, 38], [16, 20, 28], [16, 25, 30], [16, 12, 25], [16, 12, 22], [16, 12, 24], [16, 13, 20], [16, 13, 43], [16, 13, 44], [16, 20, 35], [16, 25, 31], [17, 9, 26], [17, 19, 37], [17, 19, 39], [17, 20, 29], [17, 20, 27], [17, 20, 32], [17, 20, 33], [17, 20, 34], [17, 20, 30], [17, 20, 31], [17, 25, 32], [17, 13, 44], [17, 20, 24], [17, 20, 26], [17, 20, 25], [17, 25, 33], [17, 19, 25], [17, 20, 23], [18, 9, 25], [18, 10, 26], [18, 15, 27], [18, 19, 24], [18, 20, 25], [18, 20, 27], [18, 25, 35], [18, 25, 34], [18, 18, 27], [18, 20, 23], [18, 12, 26], [18, 12, 43], [18, 25, 36], [19, 13, 27], [19, 24, 38], [19, 25, 37], [19, 12, 42], [20, 12, 44], [20, 24, 39], [20, 12, 45], [21, 11, 47], [21, 12, 46], [21, 22, 39], [21, 22, 40], [21, 20, 36], [21, 21, 38], [21, 21, 37], [22, 11, 47], [22, 11, 49], [22, 20, 33], [22, 20, 34], [22, 20, 35], [22, 11, 48], [22, 11, 50], [22, 20, 31], [22, 20, 32], [22, 20, 30], [23, 20, 29], [23, 20, 28], [23, 11, 51], [23, 20, 27], [23, 20, 25], [23, 20, 26], [24, 20, 24], [24, 10, 52], [24, 20, 22], [24, 20, 23], [25, 20, 21], [25, 21, 20], [26, 11, 52], [27, 12, 51], [27, 21, 18], [27, 12, 50], [27, 20, 19], [27, 12, 49], [27, 21, 17], [28, 12, 48], [28, 12, 47], [28, 13, 46], [28, 20, 18], [28, 13, 45], [28, 13, 44], [28, 20, 19], [29, 14, 42], [29, 14, 43], [29, 14, 41], [29, 19, 21], [29, 20, 20], [29, 14, 40], [29, 15, 38], [29, 19, 22], [29, 15, 39], [29, 15, 37], [29, 15, 36], [29, 18, 25], [29, 19, 23], [30, 15, 35], [30, 16, 34], [30, 16, 33], [30, 16, 32], [30, 17, 30], [30, 17, 31], [30, 17, 29], [30, 17, 28], [30, 18, 27], [30, 18, 26], [30, 19, 24]]"
"[[1, 0, 0], [32, 32, 64], [2, 18, 44], [2, 18, 43], [2, 19, 42], [2, 17, 46], [2, 17, 45], [2, 19, 40], [2, 19, 41], [2, 19, 39], [2, 20, 38], [2, 20, 37], [2, 20, 35], [2, 20, 36], [2, 20, 34], [2, 21, 32], [2, 21, 33], [2, 21, 31], [2, 21, 30], [2, 22, 29], [2, 22, 27], [2, 22, 28], [2, 22, 26], [3, 16, 47], [3, 23, 25], [3, 23, 24], [3, 23, 23], [3, 24, 22], [3, 24, 21], [3, 24, 20], [4, 25, 19], [4, 25, 18], [5, 25, 17], [5, 15, 47], [5, 26, 16], [6, 16, 46], [7, 16, 45], [7, 16, 44], [8, 16, 43], [8, 17, 42], [8, 17, 41], [9, 17, 40], [9, 17, 39], [9, 26, 16], [10, 14, 56], [10, 15, 56], [10, 16, 54], [10, 16, 55], [10, 16, 53], [10, 17, 38], [10, 18, 52], [10, 18, 51], [10, 18, 36], [10, 19, 50], [10, 25, 17], [10, 17, 37], [10, 17, 36], [10, 18, 35], [10, 19, 49], [10, 20, 48], [11, 20, 44], [11, 20, 45], [11, 20, 47], [11, 19, 34], [11, 19, 33], [11, 19, 46], [11, 20, 42], [11, 22, 28], [11, 22, 25], [11, 23, 22], [11, 24, 19], [11, 24, 20], [11, 24, 18], [11, 20, 31], [11, 21, 30], [11, 21, 27], [11, 21, 43], [11, 22, 41], [11, 22, 26], [11, 23, 24], [11, 23, 41], [11, 24, 21], [11, 26, 41], [12, 14, 56], [12, 20, 27], [12, 21, 27], [12, 14, 55], [12, 19, 28], [12, 20, 25], [12, 21, 25], [12, 15, 53], [12, 15, 54], [12, 21, 23], [12, 22, 20], [12, 24, 15], [12, 26, 41], [13, 15, 52], [13, 18, 27], [13, 19, 26], [13, 19, 27], [13, 19, 26], [13, 20, 26], [13, 21, 21], [13, 21, 22], [13, 22, 18], [13, 23, 16], [13, 24, 14], [13, 26, 40], [13, 15, 51], [13, 17, 26], [13, 18, 26], [13, 20, 25], [13, 22, 19], [13, 23, 14], [13, 24, 12], [13, 27, 39], [13, 28, 37], [13, 22, 20], [13, 22, 17], [13, 24, 13], [14, 15, 50], [14, 25, 11], [14, 25, 7], [14, 15, 49], [14, 15, 47], [14, 25, 6], [14, 27, 38], [14, 15, 48], [14, 16, 27], [14, 17, 26], [14, 24, 8], [14, 24, 9], [14, 28, 37], [15, 12, 36], [15, 13, 36], [15, 14, 42], [15, 14, 46], [15, 28, 36], [15, 13, 37], [15, 15, 44], [15, 15, 43], [15, 15, 45], [15, 12, 37], [15, 13, 38], [15, 14, 39], [15, 17, 25], [15, 28, 35], [16, 14, 40], [16, 15, 42], [16, 17, 24], [16, 26, 6], [16, 28, 34], [16, 12, 38], [16, 14, 41], [16, 24, 11], [16, 25, 7], [16, 28, 33], [16, 24, 14], [16, 24, 12], [16, 25, 9], [16, 25, 8], [16, 28, 32], [17, 28, 31], [17, 17, 23], [17, 23, 17], [17, 23, 18], [17, 25, 11], [17, 17, 22], [17, 24, 13], [17, 28, 30], [18, 13, 39], [18, 14, 39], [18, 23, 21], [18, 24, 15], [18, 29, 29], [18, 14, 38], [18, 14, 39], [18, 15, 38], [18, 21, 23], [18, 23, 19], [18, 23, 16], [18, 29, 28], [18, 15, 38], [18, 22, 22], [18, 23, 20], [19, 16, 37], [19, 16, 36], [19, 17, 22], [19, 21, 24], [19, 23, 22], [19, 29, 27], [19, 16, 35], [19, 17, 33], [19, 17, 34], [19, 17, 28], [19, 18, 28], [19, 15, 38], [19, 17, 32], [19, 18, 27], [19, 18, 31], [19, 18, 30], [19, 19, 26], [19, 19, 27], [19, 19, 26], [19, 20, 25], [19, 20, 26], [19, 20, 25], [19, 21, 25], [19, 29, 26], [20, 17, 25], [20, 17, 23], [20, 17, 24], [20, 16, 25], [20, 28, 25], [20, 16, 23], [20, 28, 24], [21, 16, 22], [21, 16, 24], [21, 27, 24], [21, 23, 35], [21, 23, 36], [21, 23, 37], [21, 24, 31], [21, 24, 32], [21, 24, 33], [21, 24, 30], [21, 24, 27], [21, 24, 28], [21, 24, 29], [21, 26, 25], [22, 16, 20], [22, 23, 34], [22, 25, 26], [22, 15, 21], [22, 23, 38], [22, 23, 39], [22, 23, 40], [23, 15, 19], [23, 15, 18], [23, 23, 41], [23, 24, 42], [23, 15, 17], [23, 23, 43], [23, 24, 45], [24, 24, 44], [24, 15, 16], [25, 24, 47], [25, 24, 46], [25, 15, 15], [25, 23, 48], [26, 15, 14], [26, 23, 48], [27, 15, 13], [27, 23, 47], [28, 16, 14], [28, 22, 45], [28, 22, 46], [28, 16, 15], [28, 22, 43], [28, 22, 42], [28, 22, 44], [28, 16, 16], [28, 22, 41], [29, 17, 17], [29, 21, 38], [29, 21, 39], [29, 21, 40], [29, 17, 18], [29, 17, 19], [29, 17, 20], [29, 21, 36], [29, 21, 37], [29, 18, 21], [29, 18, 22], [29, 18, 23], [29, 20, 32], [29, 20, 33], [29, 20, 34], [29, 20, 35], [30, 18, 24], [30, 18, 25], [30, 19, 26], [30, 19, 27], [30, 19, 28], [30, 19, 29], [30, 20, 30], [30, 20, 31]]"
"[[2, 0, 0], [32, 32, 64], [2, 15, 16], [2, 17, 22], [2, 17, 23], [2, 18, 24], [2, 18, 26], [2, 20, 37], [2, 20, 39], [2, 14, 16], [2, 16, 19], [2, 16, 20], [2, 17, 21], [2, 18, 25], [2, 18, 27], [2, 18, 28], [2, 18, 29], [2, 18, 30], [2, 19, 31], [2, 19, 32], [2, 19, 33], [2, 19, 34], [2, 19, 36], [2, 19, 35], [2, 20, 38], [2, 20, 40], [2, 20, 41], [2, 20, 42], [2, 20, 43], [2, 21, 44], [2, 16, 17], [2, 16, 18], [2, 21, 45], [3, 14, 15], [3, 21, 46], [3, 21, 47], [3, 22, 48], [4, 22, 49], [4, 22, 50], [4, 22, 51], [5, 14, 15], [5, 23, 51], [5, 13, 15], [5, 23, 52], [6, 13, 15], [7, 23, 52], [7, 14, 16], [8, 14, 17], [8, 14, 18], [8, 22, 51], [9, 14, 19], [9, 22, 50], [9, 22, 53], [9, 15, 21], [9, 15, 20], [9, 22, 53], [10, 15, 23], [10, 15, 22], [10, 21, 52], [10, 21, 45], [10, 21, 51], [10, 21, 49], [10, 22, 54], [10, 15, 12], [10, 15, 17], [10, 15, 23], [10, 15, 26], [10, 16, 24], [10, 20, 41], [10, 20, 43], [10, 20, 45], [10, 20, 46], [10, 21, 50], [11, 15, 11], [11, 21, 49], [11, 15, 6], [11, 15, 7], [11, 15, 16], [11, 15, 26], [11, 16, 13], [11, 16, 14], [11, 16, 20], [11, 16, 25], [11, 16, 26], [11, 16, 18], [11, 16, 24], [11, 17, 26], [11, 17, 19], [11, 19, 28], [11, 19, 32], [11, 19, 39], [11, 19, 26], [11, 19, 29], [11, 19, 33], [11, 19, 34], [11, 20, 40], [11, 20, 26], [11, 20, 39], [11, 20, 44], [11, 21, 53], [11, 22, 55], [11, 15, 10], [11, 15, 8], [11, 15, 9], [11, 16, 15], [11, 17, 27], [11, 18, 27], [11, 18, 41], [11, 19, 27], [11, 19, 31], [11, 19, 36], [11, 19, 30], [11, 19, 42], [11, 20, 24], [11, 20, 25], [11, 20, 26], [11, 21, 51], [11, 21, 24], [11, 22, 25], [11, 22, 24], [12, 14, 6], [12, 18, 37], [12, 18, 39], [12, 19, 46], [12, 22, 58], [12, 16, 25], [12, 20, 46], [12, 21, 56], [12, 21, 57], [12, 14, 5], [12, 18, 41], [12, 19, 44], [12, 21, 55], [12, 22, 59], [12, 17, 38], [12, 17, 37], [12, 18, 39], [12, 18, 40], [12, 18, 42], [12, 21, 57], [12, 21, 58], [12, 24, 24], [13, 15, 37], [13, 16, 37], [13, 16, 38], [13, 21, 54], [13, 22, 55], [13, 15, 39], [13, 21, 56], [13, 13, 6], [13, 15, 38], [13, 25, 26], [13, 25, 27], [13, 26, 25], [14, 13, 5], [14, 14, 7], [14, 14, 37], [14, 15, 39], [14, 14, 9], [14, 14, 8], [14, 15, 38], [14, 21, 55], [14, 14, 6], [14, 21, 49], [14, 26, 27], [15, 13, 10], [15, 13, 11], [15, 14, 39], [15, 20, 50], [15, 20, 51], [15, 20, 52], [15, 20, 53], [15, 21, 54], [15, 26, 28], [15, 26, 29], [15, 13, 19], [15, 13, 14], [15, 13, 15], [15, 13, 16], [15, 14, 12], [15, 14, 13], [15, 14, 40], [15, 20, 49], [15, 26, 30], [16, 13, 21], [16, 14, 41], [16, 20, 47], [16, 20, 46], [16, 20, 48], [16, 26, 31], [16, 14, 17], [16, 14, 18], [16, 20, 44], [16, 20, 45], [16, 26, 32], [16, 13, 22], [16, 13, 23], [16, 13, 20], [16, 13, 44], [16, 14, 42], [16, 20, 38], [16, 20, 43], [16, 26, 33], [17, 13, 38], [17, 13, 19], [17, 20, 41], [17, 13, 44], [17, 19, 39], [17, 20, 40], [17, 20, 42], [17, 26, 34], [17, 13, 45], [17, 14, 43], [17, 19, 38], [17, 26, 35], [18, 19, 37], [18, 26, 36], [18, 13, 24], [18, 13, 25], [18, 19, 36], [18, 26, 37], [19, 14, 40], [19, 14, 43], [19, 14, 26], [19, 17, 34], [19, 26, 38], [19, 13, 27], [19, 13, 44], [19, 13, 45], [19, 13, 41], [19, 14, 27], [19, 15, 30], [19, 15, 31], [19, 15, 32], [19, 16, 33], [19, 13, 40], [20, 25, 39], [20, 13, 41], [20, 25, 40], [20, 13, 43], [21, 12, 46], [21, 22, 38], [21, 22, 39], [21, 23, 40], [21, 12, 45], [21, 21, 37], [21, 22, 36], [22, 11, 50], [22, 21, 33], [22, 21, 34], [22, 21, 35], [22, 12, 47], [22, 21, 31], [22, 21, 32], [22, 11, 49], [22, 21, 30], [23, 12, 48], [23, 20, 29], [23, 21, 26], [23, 21, 28], [23, 11, 50], [23, 21, 27], [23, 21, 25], [23, 21, 24], [24, 11, 50], [24, 21, 23], [24, 21, 22], [24, 22, 21], [25, 21, 20], [25, 22, 19], [26, 11, 50], [26, 12, 49], [26, 21, 18], [27, 22, 17], [27, 12, 48], [27, 21, 18], [28, 12, 47], [28, 13, 46], [28, 20, 20], [28, 21, 19], [28, 13, 45], [28, 20, 21], [28, 14, 44], [28, 20, 24], [28, 20, 22], [29, 14, 43], [29, 14, 42], [29, 15, 41], [29, 15, 40], [29, 19, 26], [29, 19, 25], [29, 20, 23], [29, 15, 38], [29, 15, 39], [29, 16, 36], [29, 16, 37], [29, 16, 35], [29, 17, 34], [29, 17, 33], [29, 17, 31], [29, 17, 32], [29, 18, 30], [29, 18, 28], [29, 18, 29], [29, 19, 27]]"
"[[3, 0, 0], [32, 32, 64], [2, 15, 21], [2, 15, 22], [2, 16, 23], [2, 16, 24], [2, 16, 25], [2, 16, 26], [2, 17, 27], [2, 17, 28], [2, 17, 29], [2, 17, 30], [2, 17, 31], [2, 18, 32], [2, 18, 33], [2, 18, 34], [2, 18, 35], [2, 18, 36], [2, 18, 37], [2, 19, 38], [2, 19, 39], [2, 19, 40], [2, 19, 41], [2, 20, 42], [2, 20, 43], [3, 15, 20], [3, 20, 44], [3, 14, 18], [3, 15, 19], [3, 20, 45], [3, 21, 46], [4, 14, 17], [4, 21, 47], [4, 13, 16], [4, 21, 48], [5, 13, 15], [5, 12, 15], [6, 21, 49], [6, 12, 15], [7, 22, 49], [8, 13, 16], [8, 21, 48], [8, 13, 17], [8, 13, 18], [9, 21, 47], [9, 13, 19], [9, 13, 20], [10, 13, 21], [10, 20, 45], [10, 21, 48], [10, 14, 22], [10, 14, 23], [10, 19, 44], [10, 19, 42], [10, 20, 46], [10, 14, 24], [10, 14, 26], [10, 14, 25], [10, 19, 41], [10, 19, 47], [11, 13, 24], [11, 13, 26], [11, 18, 37], [11, 19, 43], [11, 19, 44], [11, 14, 26], [11, 15, 27], [11, 18, 42], [11, 19, 36], [11, 19, 38], [11, 19, 40], [11, 20, 49], [11, 14, 12], [11, 14, 15], [11, 14, 16], [11, 15, 26], [11, 15, 24], [11, 16, 20], [11, 18, 32], [11, 18, 44], [11, 18, 33], [11, 18, 34], [11, 18, 44], [11, 19, 46], [11, 20, 50], [12, 13, 8], [12, 14, 10], [12, 14, 11], [12, 14, 13], [12, 15, 27], [12, 15, 26], [12, 16, 25], [12, 16, 26], [12, 17, 25], [12, 17, 19], [12, 17, 30], [12, 18, 31], [12, 18, 43], [12, 18, 25], [12, 19, 27], [12, 20, 51], [12, 20, 53], [12, 13, 9], [12, 15, 14], [12, 15, 19], [12, 16, 17], [12, 16, 21], [12, 16, 22], [12, 16, 27], [12, 16, 41], [12, 17, 24], [12, 17, 42], [12, 18, 24], [12, 18, 27], [12, 18, 44], [12, 19, 23], [12, 20, 52], [12, 15, 18], [12, 15, 38], [12, 17, 23], [12, 18, 41], [12, 12, 7], [12, 16, 39], [12, 16, 40], [12, 16, 42], [12, 17, 21], [12, 20, 53], [13, 13, 37], [13, 14, 37], [13, 23, 23], [13, 12, 7], [13, 14, 39], [13, 14, 38], [13, 20, 53], [13, 13, 38], [13, 22, 23], [14, 12, 7], [14, 13, 39], [14, 20, 53], [14, 12, 8], [14, 23, 24], [14, 23, 25], [14, 20, 50], [14, 20, 51], [15, 13, 36], [15, 13, 39], [15, 20, 52], [15, 20, 49], [15, 24, 27], [15, 24, 26], [15, 12, 8], [15, 12, 10], [15, 12, 9], [15, 12, 40], [15, 25, 28], [15, 20, 49], [16, 12, 10], [16, 19, 47], [16, 20, 46], [16, 20, 48], [16, 25, 29], [16, 12, 12], [16, 12, 11], [16, 12, 13], [16, 12, 14], [16, 13, 41], [16, 20, 45], [16, 25, 30], [16, 12, 15], [16, 12, 42], [16, 19, 43], [16, 19, 44], [16, 25, 31], [17, 13, 16], [17, 13, 17], [17, 19, 37], [17, 20, 40], [17, 20, 41], [17, 25, 32], [17, 12, 18], [17, 19, 36], [17, 19, 39], [17, 20, 42], [17, 25, 33], [17, 12, 19], [17, 12, 43], [17, 13, 20], [17, 13, 21], [17, 19, 33], [17, 19, 34], [17, 19, 35], [17, 19, 38], [17, 25, 34], [18, 19, 32], [18, 25, 35], [18, 13, 23], [18, 13, 22], [18, 13, 24], [18, 25, 36], [18, 12, 43], [18, 13, 20], [18, 13, 25], [19, 13, 42], [19, 14, 26], [19, 14, 27], [19, 14, 25], [19, 15, 28], [19, 25, 37], [19, 12, 41], [19, 15, 27], [19, 15, 29], [19, 16, 30], [19, 16, 31], [19, 25, 38], [20, 12, 41], [20, 12, 42], [20, 25, 39], [20, 24, 40], [21, 11, 44], [21, 22, 40], [21, 11, 46], [21, 11, 45], [21, 21, 38], [22, 21, 37], [22, 21, 39], [22, 20, 34], [22, 20, 35], [22, 21, 36], [22, 20, 33], [23, 20, 31], [23, 20, 32], [23, 11, 47], [23, 11, 48], [23, 20, 30], [23, 20, 29], [23, 20, 28], [24, 11, 49], [24, 20, 27], [24, 20, 25], [24, 20, 26], [25, 10, 50], [25, 20, 23], [25, 11, 49], [25, 20, 24], [26, 20, 21], [26, 20, 22], [26, 21, 21], [27, 20, 21], [27, 12, 48], [27, 12, 47], [28, 12, 46], [28, 19, 22], [28, 13, 45], [28, 13, 44], [28, 13, 43], [28, 14, 42], [28, 19, 24], [28, 19, 23], [29, 14, 41], [29, 14, 40], [29, 18, 25], [29, 14, 38], [29, 14, 39], [29, 18, 26], [29, 18, 27], [29, 15, 37], [29, 15, 35], [29, 15, 36], [29, 16, 34], [29, 16, 33], [29, 16, 32], [29, 17, 31], [29, 17, 29], [29, 17, 30], [29, 18, 28]]"
"[[4, 0, 0], [32, 32, 64], [1, 15, 42], [1, 16, 41], [1, 16, 40], [1, 16, 38], [1, 16, 39], [1, 17, 37], [1, 17, 36], [1, 17, 35], [2, 15, 44], [2, 15, 43], [2, 17, 34], [2, 18, 33], [2, 18, 32], [2, 18, 30], [2, 18, 31], [2, 19, 29], [2, 14, 46], [2, 14, 45], [2, 19, 28], [2, 19, 26], [2, 19, 27], [2, 20, 25], [2, 20, 24], [2, 14, 47], [2, 20, 23], [2, 20, 22], [3, 12, 49], [3, 13, 48], [3, 21, 21], [3, 21, 20], [3, 21, 19], [3, 21, 18], [4, 22, 17], [4, 22, 16], [4, 22, 15], [5, 22, 14], [6, 12, 48], [6, 12, 48], [7, 13, 47], [7, 13, 45], [7, 13, 46], [8, 13, 44], [8, 14, 43], [9, 14, 42], [9, 14, 41], [9, 14, 40], [10, 13, 53], [10, 13, 54], [10, 13, 52], [10, 14, 39], [10, 13, 55], [10, 14, 51], [10, 14, 37], [10, 14, 38], [10, 14, 50], [10, 22, 16], [10, 12, 57], [10, 12, 56], [10, 15, 36], [10, 15, 47], [10, 21, 17], [10, 21, 16], [10, 22, 15], [11, 12, 58], [11, 15, 35], [11, 15, 48], [11, 15, 34], [11, 15, 44], [11, 15, 49], [11, 15, 46], [11, 15, 33], [11, 16, 45], [11, 16, 43], [11, 20, 37], [11, 20, 39], [11, 21, 16], [11, 15, 32], [11, 15, 30], [11, 15, 31], [11, 16, 42], [11, 17, 38], [11, 17, 39], [11, 17, 40], [11, 17, 41], [11, 18, 37], [11, 18, 38], [11, 20, 38], [11, 20, 17], [11, 21, 39], [12, 14, 30], [12, 20, 16], [12, 21, 13], [12, 21, 14], [12, 20, 15], [12, 21, 12], [12, 21, 11], [12, 12, 57], [12, 12, 58], [12, 21, 10], [12, 23, 39], [13, 22, 9], [13, 12, 56], [13, 12, 55], [13, 21, 8], [13, 24, 38], [14, 12, 53], [14, 12, 54], [14, 12, 28], [14, 24, 37], [14, 12, 52], [14, 12, 51], [14, 25, 36], [14, 8, 36], [14, 10, 35], [14, 12, 49], [14, 12, 50], [14, 22, 8], [15, 8, 37], [15, 9, 36], [15, 12, 48], [15, 13, 28], [15, 25, 35], [15, 11, 36], [15, 11, 37], [15, 12, 47], [15, 12, 46], [15, 13, 27], [15, 22, 9], [15, 25, 34], [15, 9, 37], [15, 12, 43], [15, 12, 45], [15, 13, 26], [15, 21, 11], [15, 21, 10], [16, 9, 38], [16, 12, 37], [16, 12, 42], [16, 12, 44], [16, 14, 24], [16, 20, 12], [16, 21, 13], [16, 21, 14], [16, 25, 33], [16, 12, 38], [16, 12, 39], [16, 12, 40], [16, 12, 41], [16, 13, 25], [16, 20, 15], [16, 25, 32], [16, 9, 39], [16, 14, 22], [16, 20, 18], [16, 20, 17], [16, 20, 16], [16, 26, 31], [17, 13, 23], [17, 20, 20], [17, 20, 21], [17, 20, 19], [17, 9, 39], [17, 18, 29], [17, 20, 22], [17, 20, 23], [17, 20, 24], [17, 20, 25], [17, 25, 30], [17, 19, 26], [17, 26, 29], [18, 19, 27], [18, 19, 28], [18, 26, 28], [18, 11, 38], [18, 12, 37], [18, 19, 30], [18, 12, 36], [18, 17, 31], [19, 14, 34], [19, 15, 33], [19, 16, 32], [19, 25, 27], [19, 26, 26], [19, 13, 22], [20, 12, 23], [20, 25, 25], [20, 13, 22], [20, 25, 24], [21, 12, 21], [21, 12, 20], [21, 22, 25], [21, 23, 24], [22, 12, 19], [22, 20, 30], [22, 20, 31], [22, 21, 28], [22, 21, 29], [22, 21, 27], [22, 21, 26], [22, 20, 34], [22, 20, 32], [22, 20, 33], [22, 20, 35], [22, 20, 36], [22, 20, 37], [23, 12, 17], [23, 12, 18], [23, 20, 38], [23, 20, 39], [23, 20, 40], [23, 12, 16], [23, 20, 41], [24, 20, 42], [24, 20, 43], [24, 20, 44], [24, 12, 15], [25, 20, 45], [26, 12, 14], [26, 20, 46], [27, 20, 46], [28, 12, 14], [28, 20, 45], [28, 13, 15], [28, 13, 16], [28, 19, 44], [28, 13, 17], [28, 19, 41], [28, 19, 42], [28, 19, 43], [29, 13, 18], [29, 14, 19], [29, 14, 20], [29, 14, 21], [29, 18, 39], [29, 18, 40], [29, 14, 22], [29, 15, 23], [29, 15, 24], [29, 15, 25], [29, 15, 26], [29, 16, 27], [29, 16, 28], [29, 16, 29], [29, 16, 30], [29, 16, 31], [29, 17, 32], [29, 17, 33], [29, 17, 34], [29, 17, 35], [29, 17, 36], [29, 18, 37], [29, 18, 38]]"
"[[5, 0, 0], [32, 32, 64], [3, 14, 43], [3, 14, 42], [3, 14, 41], [3, 15, 40], [3, 15, 39], [3, 15, 37], [3, 15, 38], [3, 16, 36], [3, 16, 35], [3, 16, 34], [3, 17, 33], [3, 17, 32], [3, 13, 44], [3, 17, 31], [3, 17, 30], [3, 18, 29], [3, 18, 28], [3, 18, 27], [3, 19, 26], [3, 19, 25], [3, 12, 46], [3, 13, 45], [3, 19, 24], [3, 20, 23], [4, 20, 22], [4, 20, 21], [4, 12, 47], [4, 20, 20], [4, 21, 19], [5, 21, 18], [6, 21, 17], [7, 12, 47], [7, 12, 46], [7, 22, 17], [8, 21, 17], [9, 12, 45], [9, 21, 18], [9, 12, 44], [9, 12, 43], [10, 13, 42], [10, 13, 41], [10, 20, 20], [10, 21, 19], [10, 12, 46], [10, 13, 39], [10, 13, 46], [10, 13, 47], [10, 13, 40], [10, 20, 23], [10, 20, 22], [10, 20, 21], [11, 11, 53], [11, 12, 51], [11, 12, 49], [11, 19, 25], [11, 19, 26], [11, 19, 24], [11, 11, 54], [11, 11, 55], [11, 12, 52], [11, 12, 47], [11, 13, 48], [11, 13, 50], [11, 13, 45], [11, 14, 39], [11, 14, 38], [11, 15, 37], [11, 15, 43], [11, 18, 29], [11, 10, 56], [11, 14, 43], [11, 14, 46], [11, 14, 37], [11, 14, 44], [11, 15, 38], [11, 15, 40], [11, 18, 32], [11, 18, 30], [11, 18, 31], [11, 19, 27], [11, 19, 28], [12, 14, 39], [12, 15, 41], [12, 15, 42], [12, 16, 43], [12, 16, 36], [12, 16, 37], [12, 18, 33], [12, 18, 34], [12, 18, 37], [12, 15, 39], [12, 15, 38], [12, 16, 38], [12, 16, 39], [12, 17, 39], [12, 17, 36], [12, 18, 37], [12, 19, 38], [12, 20, 39], [12, 20, 40], [12, 17, 22], [12, 18, 20], [12, 19, 17], [12, 21, 40], [13, 13, 28], [13, 19, 16], [13, 14, 27], [13, 15, 26], [13, 15, 25], [13, 16, 24], [13, 17, 23], [13, 17, 22], [13, 18, 21], [13, 18, 18], [13, 18, 19], [13, 20, 15], [13, 20, 12], [13, 10, 55], [13, 11, 52], [13, 14, 25], [13, 14, 25], [13, 19, 14], [13, 20, 13], [14, 22, 39], [14, 23, 38], [14, 11, 51], [14, 11, 53], [14, 13, 26], [14, 13, 27], [14, 10, 54], [14, 11, 50], [15, 11, 48], [15, 11, 49], [15, 23, 36], [15, 23, 37], [15, 20, 13], [15, 24, 35], [15, 8, 35], [15, 11, 45], [15, 12, 46], [15, 13, 25], [15, 13, 26], [16, 7, 36], [16, 8, 36], [16, 11, 36], [16, 11, 42], [16, 20, 14], [16, 8, 37], [16, 10, 37], [16, 11, 47], [16, 11, 37], [16, 12, 29], [16, 13, 20], [16, 19, 29], [16, 20, 17], [16, 20, 15], [16, 24, 34], [16, 11, 39], [16, 11, 41], [16, 11, 43], [16, 12, 44], [16, 20, 20], [16, 20, 16], [16, 20, 18], [16, 24, 33], [17, 7, 38], [17, 11, 38], [17, 13, 22], [17, 20, 27], [17, 24, 32], [17, 8, 38], [17, 10, 37], [17, 13, 24], [17, 19, 37], [17, 19, 19], [17, 19, 28], [17, 19, 33], [17, 19, 34], [17, 20, 21], [17, 20, 25], [17, 11, 38], [17, 13, 23], [17, 19, 36], [17, 19, 26], [17, 20, 22], [17, 20, 23], [17, 20, 24], [17, 20, 30], [17, 20, 31], [17, 20, 32], [17, 24, 31], [18, 10, 37], [18, 12, 38], [18, 12, 40], [18, 19, 27], [18, 25, 30], [18, 25, 29], [18, 17, 36], [18, 18, 37], [19, 9, 38], [19, 11, 37], [19, 18, 35], [19, 25, 28], [19, 14, 34], [19, 17, 33], [19, 18, 34], [19, 18, 36], [19, 25, 27], [19, 14, 33], [19, 16, 32], [19, 17, 32], [20, 25, 26], [20, 12, 23], [20, 13, 20], [20, 24, 25], [21, 23, 24], [21, 24, 24], [21, 12, 20], [22, 12, 21], [22, 20, 28], [22, 20, 27], [22, 21, 26], [22, 21, 25], [22, 20, 30], [22, 20, 31], [22, 20, 32], [22, 20, 29], [22, 12, 19], [22, 19, 35], [22, 20, 33], [22, 20, 34], [23, 19, 36], [23, 12, 16], [23, 12, 17], [23, 12, 18], [23, 19, 38], [23, 20, 37], [23, 19, 39], [24, 20, 40], [24, 19, 41], [24, 11, 15], [25, 19, 42], [25, 20, 43], [25, 11, 14], [26, 12, 13], [26, 19, 44], [26, 11, 12], [28, 12, 12], [28, 12, 13], [28, 18, 44], [28, 18, 43], [28, 12, 14], [29, 13, 15], [29, 18, 41], [29, 18, 42], [29, 13, 16], [29, 17, 40], [29, 13, 17], [29, 13, 18], [29, 17, 38], [29, 17, 39], [30, 13, 19], [30, 13, 20], [30, 14, 21], [30, 14, 22], [30, 16, 35], [30, 17, 36], [30, 17, 37], [30, 14, 23], [30, 14, 24], [30, 14, 25], [30, 15, 26], [30, 15, 27], [30, 15, 28], [30, 15, 29], [30, 15, 30], [30, 16, 31], [30, 16, 32], [30, 16, 34], [30, 16, 33]]"
"[[6, 0, 0], [32, 32, 64], [3, 16, 43], [3, 16, 42], [3, 17, 41], [3, 17, 40], [3, 17, 39], [3, 16, 44], [3, 17, 38], [3, 18, 37], [3, 18, 36], [3, 18, 34], [3, 18, 35], [3, 19, 33], [3, 19, 32], [3, 19, 30], [3, 19, 31], [3, 20, 29], [3, 20, 27], [3, 20, 28], [3, 20, 26], [3, 20, 25], [3, 21, 23], [3, 21, 24], [4, 15, 45], [4, 21, 22], [4, 21, 21], [4, 22, 20], [4, 22, 19], [4, 22, 18], [4, 15, 46], [4, 23, 17], [5, 23, 16], [5, 23, 15], [6, 23, 14], [6, 24, 14], [7, 14, 46], [7, 14, 45], [8, 14, 44], [8, 15, 43], [9, 15, 42], [9, 15, 41], [9, 23, 16], [10, 15, 40], [10, 23, 17], [10, 23, 15], [10, 15, 39], [10, 16, 38], [10, 22, 18], [11, 16, 37], [11, 22, 20], [11, 22, 19], [11, 15, 52], [11, 16, 36], [11, 21, 21], [11, 14, 54], [11, 15, 53], [11, 15, 50], [11, 15, 51], [11, 16, 49], [11, 16, 48], [11, 17, 35], [11, 20, 26], [11, 21, 23], [11, 21, 25], [11, 21, 24], [11, 21, 22], [12, 14, 55], [12, 17, 34], [12, 17, 46], [12, 17, 47], [12, 18, 33], [12, 19, 32], [12, 20, 29], [12, 20, 28], [12, 20, 27], [12, 17, 45], [12, 18, 44], [12, 19, 31], [12, 20, 30], [12, 18, 42], [12, 18, 43], [12, 19, 40], [12, 19, 41], [12, 19, 38], [12, 19, 39], [12, 20, 38], [12, 20, 39], [12, 21, 39], [12, 22, 40], [12, 20, 20], [12, 22, 11], [13, 13, 55], [13, 20, 18], [13, 21, 16], [13, 21, 15], [13, 22, 12], [13, 22, 13], [13, 13, 54], [13, 17, 29], [13, 18, 25], [13, 19, 23], [13, 19, 22], [13, 20, 21], [13, 20, 19], [13, 21, 14], [13, 22, 10], [13, 23, 9], [13, 24, 40], [13, 13, 53], [13, 16, 26], [13, 17, 26], [13, 17, 26], [13, 18, 24], [13, 23, 8], [14, 13, 52], [14, 25, 39], [14, 15, 26], [14, 13, 51], [14, 13, 49], [14, 13, 50], [14, 26, 38], [15, 13, 48], [15, 15, 25], [15, 23, 8], [15, 14, 46], [15, 26, 36], [15, 26, 37], [15, 13, 45], [15, 13, 47], [15, 15, 24], [15, 23, 9], [15, 23, 10], [16, 10, 36], [16, 12, 36], [16, 13, 37], [16, 13, 43], [16, 13, 44], [16, 22, 11], [16, 26, 35], [16, 10, 37], [16, 12, 37], [16, 12, 38], [16, 13, 39], [16, 13, 41], [16, 13, 42], [16, 22, 13], [16, 22, 12], [16, 26, 34], [16, 13, 40], [16, 15, 22], [16, 15, 23], [16, 22, 14], [16, 22, 15], [16, 22, 16], [17, 10, 38], [17, 26, 33], [17, 20, 29], [17, 21, 18], [17, 21, 19], [17, 22, 17], [17, 27, 32], [17, 21, 20], [17, 21, 22], [17, 27, 31], [18, 10, 39], [18, 15, 21], [18, 21, 25], [18, 21, 21], [18, 21, 23], [18, 21, 24], [18, 20, 28], [18, 21, 26], [18, 21, 27], [18, 21, 28], [18, 27, 30], [18, 12, 39], [18, 20, 31], [18, 20, 30], [18, 27, 29], [19, 12, 38], [19, 13, 37], [19, 13, 36], [19, 27, 28], [19, 14, 35], [19, 15, 34], [19, 16, 33], [19, 17, 32], [20, 15, 22], [20, 15, 23], [20, 27, 27], [20, 14, 23], [20, 15, 21], [20, 26, 26], [20, 14, 22], [21, 26, 25], [21, 13, 19], [21, 13, 21], [22, 14, 20], [22, 22, 29], [22, 23, 26], [22, 23, 27], [22, 23, 25], [22, 21, 32], [22, 21, 33], [22, 22, 30], [22, 22, 31], [22, 22, 28], [23, 21, 34], [23, 21, 35], [23, 13, 17], [23, 13, 18], [23, 21, 36], [23, 21, 37], [23, 13, 16], [23, 21, 38], [23, 21, 39], [24, 21, 40], [24, 21, 41], [24, 21, 42], [24, 21, 43], [24, 13, 15], [24, 22, 44], [25, 22, 45], [25, 22, 46], [25, 22, 47], [25, 22, 48], [26, 13, 14], [26, 22, 49], [27, 13, 13], [28, 13, 13], [28, 14, 14], [29, 14, 15], [29, 20, 47], [29, 21, 48], [29, 21, 49], [29, 14, 16], [29, 15, 17], [29, 15, 18], [29, 15, 19], [29, 20, 45], [29, 20, 46], [30, 15, 20], [30, 15, 21], [30, 20, 42], [30, 20, 44], [30, 20, 43], [30, 16, 22], [30, 16, 23], [30, 19, 39], [30, 19, 40], [30, 19, 41], [30, 16, 24], [30, 16, 25], [30, 16, 26], [30, 17, 27], [30, 17, 28], [30, 17, 29], [30, 17, 30], [30, 17, 31], [30, 18, 32], [30, 18, 33], [30, 18, 34], [30, 18, 35], [30, 18, 36], [30, 18, 38], [30, 19, 37]]"
"[[7, 0, 0], [32, 32, 64], [4, 26, 29], [4, 27, 28], [4, 22, 44], [4, 23, 43], [4, 25, 35], [4, 25, 34], [4, 25, 33], [4, 26, 31], [4, 26, 32], [4, 26, 30], [5, 21, 45], [5, 23, 41], [5, 23, 42], [5, 23, 40], [5, 24, 39], [5, 24, 38], [5, 24, 36], [5, 24, 37], [6, 20, 46], [8, 20, 46], [8, 20, 45], [9, 20, 46], [9, 21, 43], [10, 21, 44], [10, 22, 42], [11, 21, 48], [11, 21, 47], [11, 21, 44], [11, 22, 40], [11, 22, 46], [11, 23, 36], [12, 20, 50], [12, 22, 42], [12, 29, 19], [12, 29, 18], [12, 29, 20], [12, 31, 11], [12, 23, 40], [12, 23, 41], [12, 23, 44], [12, 23, 45], [12, 28, 30], [12, 29, 17], [12, 29, 16], [12, 30, 15], [12, 30, 13], [12, 19, 50], [12, 20, 49], [12, 23, 43], [12, 23, 44], [12, 28, 22], [12, 28, 23], [12, 28, 38], [12, 30, 12], [12, 23, 38], [12, 23, 39], [12, 27, 37], [12, 28, 28], [12, 28, 29], [12, 28, 31], [12, 28, 32], [12, 28, 25], [12, 28, 27], [12, 28, 24], [12, 28, 26], [12, 29, 21], [12, 29, 36], [12, 30, 14], [13, 24, 38], [13, 24, 40], [13, 24, 43], [13, 24, 37], [13, 24, 39], [13, 24, 40], [13, 28, 33], [13, 28, 34], [13, 29, 37], [13, 29, 39], [13, 29, 38], [13, 20, 50], [13, 30, 41], [13, 31, 41], [13, 19, 48], [13, 20, 46], [13, 22, 29], [13, 30, 40], [14, 20, 47], [14, 24, 29], [14, 19, 36], [15, 19, 39], [15, 20, 44], [15, 22, 28], [15, 20, 43], [15, 20, 45], [15, 28, 14], [15, 28, 11], [15, 29, 10], [15, 29, 9], [15, 29, 7], [15, 30, 0], [15, 25, 26], [15, 25, 27], [15, 26, 34], [15, 26, 23], [15, 29, 6], [15, 30, 4], [16, 20, 42], [16, 25, 25], [16, 28, 12], [16, 29, 8], [16, 29, 7], [16, 30, 1], [16, 30, 2], [16, 17, 35], [16, 19, 36], [16, 20, 39], [16, 20, 41], [16, 21, 27], [16, 27, 19], [16, 28, 14], [16, 28, 42], [16, 29, 3], [16, 29, 5], [16, 19, 37], [16, 19, 38], [16, 20, 40], [16, 27, 15], [17, 27, 17], [17, 28, 13], [17, 16, 36], [17, 27, 20], [17, 28, 37], [17, 29, 10], [17, 29, 51], [17, 27, 22], [17, 28, 50], [17, 29, 3], [17, 29, 4], [18, 22, 25], [18, 27, 18], [18, 28, 48], [18, 28, 49], [18, 29, 43], [18, 29, 8], [18, 29, 52], [18, 30, 1], [18, 22, 26], [18, 27, 14], [18, 28, 46], [18, 29, 40], [18, 29, 7], [18, 29, 5], [18, 29, 53], [18, 30, 2], [18, 19, 37], [18, 26, 21], [18, 27, 22], [18, 28, 42], [18, 28, 39], [18, 28, 45], [18, 29, 44], [18, 29, 4], [18, 29, 10], [18, 29, 54], [18, 30, 0], [19, 28, 38], [19, 29, 1], [19, 29, 6], [19, 30, 55], [19, 20, 36], [19, 20, 37], [19, 28, 42], [19, 28, 39], [19, 28, 47], [19, 29, 7], [19, 21, 23], [19, 28, 12], [19, 28, 40], [19, 30, 56], [20, 19, 36], [20, 21, 36], [20, 27, 21], [20, 28, 13], [20, 29, 11], [20, 30, 57], [20, 17, 37], [20, 22, 34], [20, 23, 33], [20, 27, 23], [20, 28, 15], [20, 28, 39], [20, 28, 38], [20, 30, 58], [20, 30, 60], [20, 30, 61], [20, 21, 35], [20, 22, 35], [20, 23, 32], [20, 23, 27], [20, 23, 31], [20, 24, 30], [20, 25, 27], [20, 25, 26], [20, 28, 14], [20, 29, 27], [20, 25, 25], [20, 28, 26], [20, 28, 39], [20, 28, 33], [20, 28, 32], [20, 29, 28], [20, 30, 59], [21, 21, 24], [21, 26, 23], [21, 26, 24], [21, 28, 37], [21, 28, 41], [21, 28, 31], [21, 29, 27], [21, 27, 20], [21, 28, 39], [21, 21, 22], [21, 24, 27], [21, 28, 34], [21, 28, 42], [21, 29, 26], [21, 31, 25], [22, 21, 21], [22, 30, 61], [22, 30, 24], [22, 24, 29], [22, 29, 25], [22, 30, 23], [22, 20, 22], [22, 28, 30], [23, 21, 20], [23, 30, 63], [24, 20, 19], [24, 20, 18], [25, 21, 16], [25, 20, 17], [26, 20, 16], [27, 21, 15], [28, 21, 16], [29, 21, 17], [29, 21, 18], [29, 21, 19], [30, 22, 20], [30, 22, 21], [30, 22, 22]]"
"[[8, 0, 0], [32, 32, 64], [2, 15, 43], [2, 16, 42], [2, 16, 41], [2, 16, 39], [2, 16, 40], [2, 17, 38], [2, 17, 37], [2, 14, 46], [2, 15, 44], [2, 15, 45], [2, 17, 36], [2, 17, 35], [2, 18, 34], [2, 18, 32], [2, 18, 33], [2, 18, 31], [2, 19, 30], [2, 19, 29], [2, 13, 48], [2, 14, 47], [2, 19, 27], [2, 19, 28], [2, 20, 26], [2, 20, 25], [2, 20, 24], [3, 20, 23], [3, 21, 22], [3, 13, 48], [3, 21, 21], [4, 21, 20], [4, 21, 19], [4, 22, 18], [4, 13, 48], [4, 22, 17], [5, 22, 16], [6, 12, 47], [7, 13, 46], [7, 13, 45], [8, 13, 44], [8, 14, 43], [9, 14, 42], [9, 14, 41], [9, 22, 16], [9, 14, 40], [9, 22, 17], [9, 22, 18], [10, 14, 37], [10, 14, 38], [10, 14, 39], [10, 13, 53], [10, 13, 52], [10, 14, 51], [10, 14, 50], [10, 21, 19], [10, 15, 36], [10, 15, 49], [10, 19, 27], [11, 13, 54], [11, 15, 47], [11, 15, 48], [11, 15, 35], [11, 15, 46], [11, 16, 34], [11, 19, 26], [11, 12, 55], [11, 16, 33], [11, 16, 43], [11, 16, 45], [11, 17, 32], [11, 17, 31], [11, 18, 30], [11, 18, 27], [11, 18, 28], [11, 19, 24], [11, 19, 25], [11, 20, 20], [11, 17, 44], [11, 17, 41], [11, 17, 42], [11, 19, 40], [11, 19, 39], [11, 20, 21], [12, 18, 25], [12, 20, 18], [12, 22, 40], [12, 17, 27], [12, 17, 26], [12, 18, 24], [12, 20, 20], [12, 20, 17], [12, 20, 15], [12, 15, 28], [12, 16, 26], [12, 16, 27], [12, 16, 28], [12, 17, 26], [12, 20, 16], [12, 23, 40], [12, 12, 55], [12, 14, 27], [12, 21, 11], [13, 14, 27], [13, 20, 13], [13, 21, 12], [13, 21, 14], [13, 12, 54], [13, 12, 53], [13, 24, 39], [13, 12, 52], [13, 14, 26], [13, 14, 25], [13, 25, 38], [14, 12, 51], [14, 21, 12], [14, 12, 50], [14, 14, 25], [14, 20, 13], [14, 25, 37], [14, 12, 47], [14, 12, 49], [14, 12, 48], [14, 20, 12], [15, 14, 24], [15, 20, 14], [15, 25, 36], [15, 10, 37], [15, 12, 45], [15, 12, 46], [15, 14, 23], [15, 25, 35], [15, 11, 38], [15, 12, 43], [15, 20, 17], [15, 20, 15], [16, 9, 37], [16, 12, 39], [16, 12, 41], [16, 12, 42], [16, 12, 44], [16, 14, 22], [16, 20, 18], [16, 25, 34], [16, 10, 38], [16, 12, 40], [16, 19, 29], [16, 20, 16], [16, 20, 19], [16, 20, 20], [16, 20, 21], [16, 26, 33], [16, 9, 38], [16, 19, 28], [16, 20, 22], [16, 20, 25], [16, 26, 32], [17, 11, 39], [17, 14, 21], [17, 20, 23], [17, 20, 24], [17, 20, 26], [17, 20, 27], [17, 26, 31], [17, 14, 19], [17, 20, 30], [17, 20, 31], [17, 20, 32], [17, 13, 20], [17, 26, 30], [18, 12, 38], [18, 26, 29], [18, 19, 32], [18, 26, 28], [18, 13, 38], [19, 13, 36], [19, 13, 37], [19, 14, 35], [19, 17, 31], [19, 18, 31], [19, 26, 27], [19, 13, 19], [19, 15, 34], [19, 15, 33], [19, 16, 32], [19, 25, 26], [20, 13, 19], [20, 25, 25], [20, 13, 20], [20, 23, 24], [20, 12, 19], [20, 23, 24], [21, 13, 20], [21, 25, 24], [21, 21, 30], [21, 21, 29], [21, 21, 28], [21, 22, 27], [21, 22, 26], [21, 23, 25], [21, 20, 33], [21, 21, 31], [21, 21, 32], [22, 20, 34], [22, 20, 35], [22, 20, 36], [22, 20, 37], [22, 12, 18], [22, 20, 38], [22, 20, 39], [23, 12, 17], [23, 20, 40], [23, 12, 16], [23, 20, 41], [24, 20, 42], [24, 20, 43], [24, 21, 44], [25, 12, 15], [26, 12, 14], [26, 20, 45], [27, 20, 45], [27, 20, 44], [28, 13, 14], [28, 19, 42], [28, 20, 43], [28, 19, 41], [28, 13, 15], [28, 13, 16], [28, 19, 39], [28, 19, 40], [28, 14, 17], [28, 18, 38], [29, 14, 18], [29, 14, 19], [29, 14, 20], [29, 18, 35], [29, 18, 36], [29, 18, 37], [29, 15, 21], [29, 15, 22], [29, 17, 33], [29, 18, 34], [29, 15, 23], [29, 15, 24], [29, 15, 25], [29, 16, 26], [29, 16, 27], [29, 16, 28], [29, 16, 29], [29, 17, 30], [29, 17, 31], [29, 17, 32]]"
"[[9, 0, 0], [32, 32, 64], [4, 17, 41], [4, 17, 40], [4, 17, 39], [4, 18, 38], [4, 18, 36], [4, 18, 37], [4, 19, 35], [4, 19, 34], [4, 19, 33], [4, 20, 32], [4, 20, 31], [4, 20, 29], [4, 20, 30], [4, 20, 28], [4, 21, 27], [4, 21, 26], [4, 22, 24], [4, 16, 42], [4, 21, 25], [4, 22, 23], [5, 23, 22], [5, 23, 21], [6, 15, 43], [7, 24, 20], [8, 23, 22], [8, 24, 20], [8, 16, 42], [8, 15, 42], [8, 16, 41], [8, 23, 21], [9, 16, 40], [9, 14, 53], [9, 16, 39], [9, 22, 25], [9, 23, 23], [9, 16, 37], [9, 22, 26], [9, 23, 24], [10, 17, 38], [10, 22, 28], [10, 22, 27], [10, 23, 28], [10, 15, 50], [10, 22, 30], [10, 22, 29], [11, 15, 49], [11, 16, 48], [11, 17, 47], [11, 17, 38], [11, 22, 31], [11, 22, 32], [11, 22, 35], [11, 22, 36], [11, 22, 28], [11, 22, 38], [11, 15, 28], [11, 17, 45], [11, 18, 47], [11, 21, 33], [11, 22, 34], [11, 22, 39], [11, 13, 52], [11, 14, 51], [11, 18, 42], [11, 18, 44], [11, 18, 46], [11, 18, 45], [11, 21, 36], [11, 22, 37], [11, 22, 40], [12, 17, 41], [12, 18, 39], [12, 19, 37], [12, 19, 40], [12, 19, 38], [12, 21, 37], [12, 22, 38], [12, 23, 39], [12, 18, 43], [12, 19, 36], [12, 19, 41], [12, 23, 39], [12, 24, 40], [12, 19, 42], [13, 16, 27], [13, 17, 27], [13, 18, 27], [13, 17, 26], [13, 17, 26], [13, 18, 26], [13, 18, 25], [13, 19, 26], [13, 19, 25], [13, 20, 25], [13, 24, 40], [13, 14, 48], [13, 20, 24], [13, 25, 39], [13, 25, 40], [14, 14, 50], [14, 19, 22], [14, 20, 20], [14, 20, 21], [14, 21, 17], [14, 21, 19], [14, 14, 49], [14, 16, 26], [14, 22, 14], [14, 23, 13], [14, 25, 38], [14, 13, 48], [14, 15, 26], [14, 15, 27], [14, 21, 20], [14, 21, 18], [14, 22, 16], [14, 26, 38], [15, 14, 47], [15, 16, 25], [15, 23, 38], [15, 14, 43], [15, 14, 45], [15, 14, 46], [15, 23, 17], [15, 26, 36], [15, 11, 35], [15, 15, 27], [15, 16, 24], [15, 22, 43], [15, 27, 36], [16, 16, 23], [16, 22, 45], [16, 22, 38], [16, 22, 40], [16, 22, 42], [16, 26, 35], [16, 13, 37], [16, 14, 44], [16, 14, 40], [16, 14, 41], [16, 15, 42], [16, 22, 41], [16, 22, 43], [16, 22, 17], [16, 23, 14], [16, 23, 18], [16, 23, 39], [16, 23, 13], [16, 23, 37], [16, 10, 36], [16, 13, 38], [16, 14, 39], [16, 16, 21], [16, 16, 22], [16, 21, 44], [16, 22, 22], [16, 22, 46], [16, 22, 47], [16, 22, 20], [16, 23, 34], [16, 23, 36], [16, 26, 34], [17, 10, 38], [17, 11, 37], [17, 11, 38], [17, 22, 51], [17, 23, 21], [17, 23, 33], [17, 27, 33], [17, 22, 23], [17, 22, 27], [17, 22, 52], [17, 22, 19], [17, 23, 31], [17, 23, 32], [17, 23, 37], [17, 22, 51], [17, 22, 24], [17, 22, 28], [17, 22, 29], [17, 23, 30], [17, 27, 32], [18, 13, 37], [18, 16, 20], [18, 20, 45], [18, 21, 44], [18, 22, 47], [18, 22, 25], [18, 27, 31], [18, 21, 42], [18, 21, 45], [18, 22, 26], [18, 14, 37], [18, 15, 37], [18, 27, 30], [19, 15, 19], [19, 16, 17], [19, 16, 18], [19, 16, 36], [19, 21, 44], [19, 21, 49], [19, 22, 52], [19, 27, 29], [19, 17, 35], [19, 17, 34], [19, 21, 36], [19, 21, 39], [19, 21, 40], [19, 21, 41], [19, 21, 46], [19, 17, 33], [19, 18, 32], [19, 19, 31], [19, 20, 31], [19, 20, 32], [19, 21, 33], [19, 21, 34], [19, 21, 37], [19, 21, 38], [20, 20, 28], [20, 21, 46], [20, 21, 43], [20, 27, 28], [20, 15, 36], [20, 27, 27], [20, 22, 35], [20, 22, 36], [21, 15, 19], [21, 16, 18], [21, 22, 38], [21, 22, 33], [21, 22, 34], [21, 22, 37], [21, 22, 43], [21, 22, 47], [21, 27, 26], [21, 22, 40], [21, 22, 39], [21, 22, 41], [21, 22, 31], [21, 22, 32], [21, 23, 30], [21, 22, 42], [21, 22, 44], [21, 22, 45], [21, 22, 46], [21, 23, 29], [21, 24, 28], [21, 24, 27], [21, 26, 26], [22, 22, 50], [22, 23, 52], [22, 14, 18], [22, 22, 44], [22, 22, 48], [22, 23, 51], [22, 14, 17], [22, 22, 49], [23, 23, 53], [23, 14, 16], [23, 23, 54], [24, 14, 15], [24, 23, 55], [24, 23, 56], [24, 14, 14], [25, 14, 13], [25, 23, 57], [25, 14, 12], [25, 23, 58], [26, 23, 59], [26, 14, 11], [27, 14, 10], [27, 23, 60], [27, 23, 61], [27, 23, 62], [28, 14, 10], [28, 23, 63], [29, 22, 62], [29, 22, 63], [29, 14, 11], [30, 15, 12], [30, 15, 13], [30, 21, 62], [30, 15, 14], [30, 16, 15], [30, 16, 16], [30, 20, 43], [30, 20, 44], [30, 20, 45], [30, 20, 46], [30, 20, 48], [30, 20, 47], [30, 20, 51], [30, 21, 57], [31, 16, 17], [31, 19, 39], [31, 19, 40], [31, 19, 41], [31, 20, 42], [31, 20, 49], [31, 20, 50], [31, 20, 52], [31, 20, 53], [31, 20, 54], [31, 20, 55], [31, 21, 56], [31, 21, 58], [31, 21, 59], [31, 16, 18], [31, 16, 19], [31, 16, 20], [31, 19, 34], [31, 19, 35], [31, 19, 36], [31, 19, 37], [31, 19, 38], [31, 21, 60], [31, 21, 62], [31, 17, 21], [31, 17, 22], [31, 17, 23], [31, 17, 24], [31, 17, 25], [31, 17, 26], [31, 18, 27], [31, 18, 28], [31, 18, 29], [31, 18, 30], [31, 18, 31], [31, 18, 32], [31, 18, 33]]"
"[[10, 0, 0], [32, 32, 64], [2, 18, 35], [2, 18, 36], [2, 19, 37], [2, 19, 39], [2, 19, 40], [3, 16, 21], [3, 16, 25], [3, 17, 29], [3, 17, 31], [3, 18, 32], [3, 18, 33], [3, 18, 34], [3, 19, 38], [3, 19, 41], [3, 19, 43], [3, 20, 42], [3, 20, 44], [3, 16, 22], [3, 16, 24], [3, 16, 26], [3, 17, 27], [3, 17, 28], [3, 17, 30], [3, 20, 45], [3, 15, 19], [3, 15, 20], [3, 16, 23], [4, 15, 18], [4, 20, 46], [4, 14, 16], [4, 14, 17], [4, 20, 47], [4, 20, 48], [4, 14, 16], [5, 13, 15], [5, 21, 49], [6, 21, 50], [8, 13, 16], [8, 13, 15], [8, 21, 52], [8, 13, 17], [8, 20, 52], [8, 21, 50], [9, 20, 51], [9, 14, 19], [9, 20, 49], [10, 14, 18], [10, 19, 42], [10, 20, 52], [10, 14, 21], [10, 14, 20], [10, 14, 23], [10, 15, 22], [10, 20, 50], [10, 20, 54], [10, 14, 24], [10, 15, 26], [10, 19, 46], [10, 20, 49], [10, 20, 55], [11, 15, 25], [11, 15, 27], [11, 15, 28], [11, 20, 53], [11, 15, 12], [11, 15, 29], [11, 15, 16], [11, 20, 52], [11, 20, 51], [12, 14, 8], [12, 14, 11], [12, 14, 10], [12, 15, 30], [12, 15, 31], [12, 16, 13], [12, 16, 16], [12, 18, 39], [12, 13, 6], [12, 14, 7], [12, 14, 9], [12, 15, 32], [12, 16, 14], [12, 17, 16], [12, 17, 18], [12, 17, 19], [12, 20, 56], [12, 20, 24], [12, 14, 34], [12, 14, 33], [12, 15, 15], [12, 16, 18], [12, 17, 19], [12, 17, 17], [12, 18, 39], [12, 18, 20], [12, 18, 22], [12, 20, 24], [12, 20, 52], [12, 20, 53], [12, 22, 23], [12, 22, 22], [12, 13, 5], [12, 18, 21], [12, 18, 23], [12, 19, 44], [12, 20, 56], [13, 13, 36], [13, 13, 37], [13, 13, 6], [13, 18, 26], [13, 19, 47], [13, 19, 48], [13, 20, 52], [13, 24, 22], [13, 13, 5], [13, 13, 4], [13, 13, 36], [13, 14, 37], [13, 19, 49], [14, 12, 38], [14, 13, 37], [14, 19, 45], [14, 20, 51], [14, 20, 48], [14, 24, 23], [14, 12, 3], [14, 19, 43], [14, 19, 49], [14, 19, 50], [14, 25, 24], [14, 13, 38], [14, 19, 46], [14, 19, 47], [15, 12, 4], [15, 13, 39], [15, 19, 42], [15, 19, 44], [15, 26, 25], [15, 13, 5], [15, 13, 6], [15, 18, 38], [15, 19, 41], [15, 26, 26], [15, 12, 40], [15, 13, 7], [15, 13, 8], [15, 18, 37], [15, 18, 39], [15, 18, 40], [15, 26, 27], [16, 13, 9], [16, 13, 13], [16, 25, 28], [16, 13, 12], [16, 13, 14], [16, 13, 41], [16, 13, 11], [16, 18, 38], [16, 18, 36], [16, 25, 29], [16, 12, 42], [16, 12, 44], [16, 13, 10], [16, 13, 15], [16, 13, 17], [16, 18, 35], [16, 25, 30], [17, 12, 22], [17, 12, 20], [17, 12, 23], [17, 13, 18], [17, 13, 19], [17, 13, 16], [17, 18, 34], [17, 25, 31], [17, 12, 21], [17, 12, 44], [17, 25, 32], [17, 12, 43], [17, 25, 33], [18, 12, 25], [18, 12, 23], [18, 12, 24], [18, 25, 34], [18, 13, 27], [18, 16, 34], [18, 26, 35], [18, 26, 36], [19, 12, 27], [19, 12, 26], [19, 12, 28], [19, 12, 43], [19, 13, 42], [19, 25, 37], [19, 12, 41], [19, 13, 40], [19, 25, 38], [19, 12, 29], [19, 12, 38], [19, 12, 30], [19, 13, 31], [19, 13, 32], [19, 13, 33], [19, 25, 39], [20, 12, 39], [20, 12, 42], [20, 12, 40], [20, 12, 44], [20, 25, 40], [20, 12, 41], [20, 12, 38], [20, 25, 41], [21, 11, 44], [21, 11, 46], [21, 20, 37], [21, 11, 45], [21, 20, 36], [21, 21, 38], [21, 21, 39], [21, 21, 41], [21, 22, 40], [22, 11, 47], [22, 20, 32], [22, 20, 33], [22, 20, 34], [22, 20, 35], [22, 20, 37], [22, 20, 30], [22, 20, 31], [22, 11, 48], [22, 11, 49], [22, 20, 29], [23, 10, 50], [23, 20, 26], [23, 20, 27], [23, 20, 28], [23, 10, 51], [23, 21, 25], [23, 21, 24], [24, 10, 52], [24, 20, 23], [24, 21, 22], [25, 10, 53], [25, 21, 20], [25, 10, 54], [25, 21, 19], [27, 21, 18], [27, 11, 54], [27, 11, 53], [27, 21, 17], [28, 20, 16], [28, 12, 51], [28, 12, 52], [28, 12, 49], [28, 12, 50], [28, 20, 18], [28, 12, 47], [28, 12, 48], [28, 13, 46], [29, 13, 45], [29, 20, 19], [29, 20, 21], [29, 20, 18], [29, 20, 20], [29, 13, 44], [29, 19, 23], [29, 20, 22], [29, 13, 43], [29, 14, 42], [29, 14, 40], [29, 18, 25], [29, 19, 24], [30, 14, 41], [30, 14, 39], [30, 18, 28], [30, 18, 27], [30, 19, 26], [30, 15, 37], [30, 15, 38], [30, 15, 36], [30, 16, 34], [30, 16, 35], [30, 16, 33], [30, 17, 32], [30, 17, 31], [30, 17, 30], [30, 18, 29]]"
"[[11, 0, 0], [32, 32, 64], [3, 17, 42], [3, 18, 41], [3, 18, 40], [3, 18, 39], [3, 19, 38], [3, 19, 37], [3, 19, 36], [3, 20, 35], [3, 20, 33], [3, 20, 34], [3, 20, 32], [3, 20, 31], [3, 21, 30], [3, 21, 28], [3, 21, 29], [3, 21, 27], [3, 17, 43], [3, 22, 26], [3, 22, 25], [4, 23, 24], [4, 16, 44], [4, 23, 23], [4, 23, 22], [4, 25, 20], [4, 23, 21], [5, 24, 20], [5, 24, 19], [5, 17, 54], [6, 24, 18], [6, 16, 44], [7, 24, 18], [8, 15, 43], [8, 24, 18], [8, 24, 19], [8, 16, 42], [9, 24, 21], [9, 16, 41], [9, 23, 22], [9, 24, 20], [10, 22, 28], [10, 23, 25], [10, 23, 23], [10, 22, 27], [10, 23, 24], [10, 17, 43], [10, 23, 26], [11, 17, 40], [11, 17, 41], [11, 17, 42], [11, 22, 29], [11, 22, 31], [11, 22, 30], [11, 15, 51], [11, 15, 50], [11, 16, 48], [11, 16, 49], [11, 16, 46], [11, 17, 45], [11, 17, 47], [11, 17, 44], [11, 22, 32], [11, 18, 40], [11, 18, 41], [11, 18, 43], [11, 21, 34], [11, 22, 33], [12, 18, 40], [12, 19, 38], [12, 19, 41], [12, 19, 38], [12, 22, 38], [12, 22, 39], [12, 22, 36], [12, 21, 37], [12, 22, 37], [12, 14, 51], [12, 24, 39], [12, 24, 40], [12, 14, 50], [12, 20, 39], [13, 18, 26], [13, 19, 26], [13, 19, 26], [13, 25, 40], [13, 17, 26], [13, 17, 25], [13, 17, 26], [13, 20, 25], [13, 20, 26], [13, 14, 49], [13, 20, 24], [13, 21, 23], [13, 21, 21], [14, 14, 47], [14, 14, 48], [14, 14, 46], [14, 17, 24], [14, 21, 19], [14, 22, 18], [14, 23, 14], [14, 27, 39], [14, 16, 25], [14, 27, 38], [15, 13, 37], [15, 14, 45], [15, 22, 39], [15, 11, 36], [15, 12, 37], [15, 13, 39], [15, 14, 40], [15, 14, 41], [15, 14, 43], [15, 16, 24], [15, 16, 23], [15, 21, 22], [15, 22, 19], [15, 23, 14], [15, 27, 37], [15, 13, 38], [15, 14, 44], [15, 21, 24], [15, 22, 18], [15, 22, 21], [15, 22, 23], [15, 22, 38], [15, 27, 36], [16, 11, 37], [16, 14, 42], [16, 21, 41], [16, 21, 40], [16, 22, 22], [16, 22, 37], [16, 22, 39], [16, 27, 35], [16, 10, 38], [16, 16, 22], [16, 22, 25], [16, 22, 27], [16, 22, 35], [16, 22, 32], [16, 22, 33], [16, 22, 34], [17, 21, 28], [17, 21, 23], [17, 22, 26], [17, 22, 29], [17, 22, 30], [17, 22, 31], [17, 27, 34], [17, 27, 33], [17, 16, 21], [17, 21, 40], [17, 21, 41], [17, 15, 40], [17, 21, 39], [17, 27, 32], [18, 12, 39], [18, 27, 31], [18, 13, 39], [18, 16, 19], [18, 21, 37], [18, 21, 36], [18, 14, 39], [18, 14, 39], [18, 16, 20], [18, 21, 38], [18, 27, 30], [19, 15, 38], [19, 16, 37], [19, 16, 21], [19, 20, 34], [19, 27, 29], [19, 16, 19], [19, 17, 36], [19, 17, 35], [19, 19, 34], [19, 27, 28], [20, 16, 20], [20, 27, 27], [20, 16, 21], [20, 26, 26], [21, 15, 21], [21, 24, 27], [21, 15, 20], [21, 22, 33], [21, 22, 34], [21, 22, 36], [21, 23, 30], [21, 23, 31], [21, 23, 32], [21, 23, 29], [21, 24, 28], [21, 25, 26], [22, 22, 35], [22, 22, 39], [22, 15, 19], [22, 22, 37], [22, 22, 38], [22, 22, 40], [22, 23, 42], [23, 14, 18], [23, 23, 41], [23, 23, 43], [23, 14, 17], [23, 23, 44], [23, 23, 46], [23, 14, 16], [23, 23, 45], [24, 23, 47], [24, 23, 48], [24, 14, 15], [24, 23, 49], [24, 23, 51], [25, 23, 50], [25, 14, 14], [25, 23, 51], [25, 23, 52], [26, 15, 13], [28, 22, 52], [28, 15, 13], [28, 15, 14], [28, 15, 15], [28, 22, 49], [28, 22, 50], [28, 15, 16], [28, 16, 17], [29, 16, 18], [29, 21, 46], [29, 21, 47], [29, 22, 48], [29, 16, 19], [29, 16, 20], [29, 21, 44], [29, 21, 45], [29, 16, 21], [29, 17, 22], [29, 21, 43], [30, 17, 23], [30, 17, 24], [30, 17, 25], [30, 20, 40], [30, 20, 41], [30, 20, 42], [30, 18, 26], [30, 18, 27], [30, 18, 28], [30, 18, 29], [30, 18, 30], [30, 19, 34], [30, 19, 35], [30, 19, 36], [30, 20, 37], [30, 20, 39], [30, 20, 38], [30, 18, 31], [30, 19, 32], [30, 19, 33]]"
"[[12, 0, 0], [32, 32, 64], [2, 13, 45], [2, 13, 43], [2, 13, 44], [2, 13, 42], [2, 14, 40], [2, 14, 41], [2, 14, 39], [2, 15, 38], [2, 15, 36], [2, 15, 37], [3, 12, 47], [3, 12, 46], [3, 15, 35], [3, 15, 34], [3, 16, 33], [3, 16, 32], [3, 16, 30], [3, 16, 31], [3, 17, 29], [3, 17, 28], [3, 17, 27], [3, 18, 26], [3, 18, 25], [3, 18, 24], [3, 19, 23], [3, 12, 48], [3, 19, 22], [4, 19, 21], [4, 20, 20], [4, 20, 19], [5, 20, 18], [7, 11, 48], [8, 11, 47], [8, 11, 46], [8, 20, 18], [8, 20, 19], [9, 11, 44], [9, 12, 45], [9, 12, 42], [9, 20, 20], [10, 12, 43], [10, 19, 21], [10, 11, 54], [10, 12, 53], [10, 12, 41], [10, 12, 52], [10, 12, 40], [10, 10, 56], [10, 11, 55], [10, 12, 51], [10, 13, 37], [10, 13, 38], [10, 13, 39], [10, 18, 22], [10, 18, 24], [10, 19, 23], [11, 13, 48], [11, 13, 36], [11, 13, 50], [11, 13, 47], [11, 18, 26], [11, 10, 57], [11, 13, 49], [11, 14, 45], [11, 17, 29], [11, 17, 28], [11, 17, 27], [11, 18, 25], [11, 14, 39], [11, 14, 34], [11, 15, 33], [11, 15, 36], [11, 15, 46], [11, 15, 42], [11, 15, 44], [11, 15, 32], [11, 16, 31], [11, 16, 43], [11, 16, 30], [11, 20, 41], [12, 15, 41], [12, 17, 41], [12, 18, 41], [12, 19, 42], [12, 15, 44], [12, 16, 25], [12, 17, 25], [12, 14, 27], [12, 16, 24], [12, 17, 22], [12, 18, 20], [12, 18, 18], [12, 19, 17], [12, 15, 26], [12, 15, 25], [12, 16, 23], [12, 18, 19], [12, 19, 16], [13, 9, 57], [13, 13, 27], [13, 14, 26], [13, 14, 25], [13, 14, 27], [13, 17, 21], [13, 19, 13], [13, 21, 41], [13, 22, 40], [13, 23, 39], [13, 14, 25], [13, 19, 14], [13, 19, 15], [13, 13, 26], [14, 9, 56], [14, 10, 55], [14, 23, 39], [14, 9, 53], [14, 9, 54], [14, 12, 24], [14, 13, 25], [14, 23, 38], [14, 10, 52], [14, 13, 26], [14, 19, 15], [15, 6, 37], [15, 10, 51], [15, 10, 49], [15, 19, 16], [15, 19, 13], [15, 23, 37], [15, 8, 37], [15, 9, 37], [15, 10, 50], [15, 19, 14], [15, 23, 36], [15, 9, 38], [15, 10, 46], [15, 10, 48], [15, 12, 23], [16, 8, 38], [16, 10, 44], [16, 10, 45], [16, 10, 47], [16, 19, 19], [16, 23, 35], [16, 7, 38], [16, 10, 39], [16, 10, 41], [16, 10, 43], [16, 10, 42], [16, 19, 18], [16, 19, 37], [16, 19, 17], [16, 24, 34], [16, 10, 40], [16, 12, 22], [16, 12, 21], [16, 18, 38], [16, 18, 22], [16, 18, 39], [16, 18, 40], [16, 19, 20], [16, 19, 21], [16, 19, 34], [16, 19, 36], [16, 24, 33], [17, 6, 39], [17, 18, 23], [17, 18, 24], [17, 18, 25], [17, 18, 29], [17, 19, 27], [17, 19, 31], [17, 19, 32], [17, 19, 33], [17, 19, 35], [17, 19, 26], [17, 19, 28], [17, 19, 30], [17, 24, 32], [17, 19, 25], [17, 24, 31], [18, 8, 39], [18, 12, 20], [18, 9, 39], [18, 10, 39], [18, 12, 17], [18, 17, 37], [18, 24, 30], [18, 17, 38], [18, 17, 39], [19, 10, 37], [19, 11, 37], [19, 16, 35], [19, 16, 36], [19, 16, 37], [19, 24, 29], [19, 15, 33], [19, 16, 34], [19, 24, 28], [19, 11, 18], [19, 12, 19], [19, 12, 17], [19, 12, 33], [19, 23, 27], [20, 12, 22], [20, 12, 21], [20, 11, 20], [20, 23, 26], [20, 11, 18], [20, 11, 25], [21, 11, 22], [21, 23, 25], [21, 11, 19], [21, 11, 18], [21, 11, 20], [21, 19, 28], [21, 20, 25], [22, 19, 30], [22, 19, 31], [22, 19, 32], [22, 19, 29], [22, 19, 27], [22, 20, 26], [22, 18, 33], [22, 18, 34], [22, 10, 17], [22, 18, 35], [22, 18, 36], [23, 10, 15], [23, 18, 37], [23, 10, 16], [23, 18, 38], [23, 18, 40], [23, 18, 39], [24, 10, 14], [24, 18, 41], [24, 10, 13], [24, 19, 42], [24, 19, 43], [24, 19, 44], [25, 10, 12], [25, 19, 46], [26, 10, 10], [26, 10, 11], [26, 18, 45], [28, 18, 46], [28, 10, 10], [28, 11, 11], [28, 18, 45], [28, 17, 44], [28, 10, 12], [28, 11, 13], [28, 11, 14], [29, 11, 15], [29, 16, 41], [29, 17, 42], [29, 17, 43], [29, 12, 16], [29, 12, 17], [29, 16, 40], [29, 12, 18], [29, 12, 19], [29, 12, 20], [29, 12, 21], [29, 16, 38], [29, 16, 39], [30, 12, 22], [30, 13, 23], [30, 14, 31], [30, 15, 32], [30, 15, 33], [30, 15, 34], [30, 15, 35], [30, 15, 36], [30, 16, 37], [30, 13, 25], [30, 13, 24], [30, 13, 26], [30, 13, 28], [30, 14, 27], [30, 14, 30], [30, 14, 29]]"
"[[13, 0, 0], [32, 32, 64], [1, 19, 42], [1, 18, 45], [1, 19, 44], [1, 19, 43], [1, 20, 41], [1, 18, 46], [1, 20, 40], [1, 20, 39], [1, 20, 38], [1, 20, 36], [1, 20, 37], [2, 21, 35], [2, 21, 33], [2, 21, 34], [2, 21, 32], [2, 22, 30], [2, 22, 31], [2, 22, 29], [2, 23, 26], [2, 22, 28], [2, 23, 27], [2, 23, 24], [2, 23, 25], [2, 23, 23], [2, 24, 22], [2, 24, 21], [3, 25, 18], [3, 25, 19], [3, 25, 17], [3, 16, 47], [4, 26, 15], [4, 26, 14], [4, 26, 13], [4, 27, 12], [5, 16, 47], [6, 27, 12], [6, 16, 46], [7, 27, 13], [7, 17, 45], [7, 16, 44], [7, 26, 14], [8, 17, 43], [8, 18, 42], [9, 25, 19], [9, 26, 15], [9, 17, 49], [9, 17, 52], [9, 18, 41], [9, 18, 47], [9, 18, 40], [9, 17, 47], [9, 17, 50], [9, 17, 51], [9, 18, 48], [9, 18, 39], [9, 24, 21], [9, 25, 17], [9, 26, 16], [10, 16, 53], [10, 18, 39], [10, 19, 38], [10, 19, 46], [10, 19, 47], [10, 25, 19], [10, 25, 18], [10, 16, 54], [10, 20, 45], [10, 20, 44], [10, 24, 23], [10, 24, 22], [10, 24, 20], [10, 18, 37], [10, 20, 47], [10, 23, 29], [10, 23, 27], [10, 24, 24], [10, 24, 25], [10, 24, 26], [10, 24, 28], [11, 15, 54], [11, 20, 34], [11, 20, 36], [11, 20, 40], [11, 20, 42], [11, 23, 28], [11, 23, 30], [11, 24, 38], [11, 25, 39], [11, 19, 36], [11, 20, 31], [11, 20, 32], [11, 20, 33], [11, 20, 43], [11, 20, 38], [11, 20, 39], [11, 21, 36], [11, 21, 38], [11, 21, 39], [11, 22, 39], [11, 23, 32], [11, 23, 33], [11, 23, 31], [11, 23, 34], [11, 24, 36], [11, 24, 37], [11, 25, 40], [11, 15, 53], [11, 20, 30], [11, 20, 37], [11, 21, 37], [11, 21, 33], [11, 21, 41], [11, 21, 43], [11, 22, 34], [11, 26, 40], [11, 27, 41], [12, 19, 28], [12, 21, 30], [12, 21, 32], [12, 21, 31], [12, 21, 40], [12, 22, 38], [12, 27, 40], [12, 15, 52], [12, 18, 27], [12, 21, 28], [12, 22, 27], [12, 28, 41], [12, 15, 51], [12, 18, 26], [12, 17, 25], [12, 17, 26], [12, 21, 26], [12, 21, 25], [12, 22, 20], [12, 28, 40], [13, 17, 26], [13, 22, 22], [13, 23, 16], [13, 24, 15], [13, 28, 39], [13, 15, 50], [13, 15, 49], [13, 22, 23], [13, 23, 19], [13, 15, 48], [13, 22, 24], [13, 28, 38], [14, 15, 47], [14, 17, 24], [14, 17, 25], [14, 23, 20], [14, 23, 21], [14, 28, 37], [14, 24, 14], [14, 15, 45], [14, 23, 20], [14, 23, 16], [14, 23, 18], [14, 28, 36], [15, 15, 46], [15, 24, 14], [15, 28, 35], [15, 15, 44], [15, 17, 23], [15, 23, 19], [15, 23, 21], [15, 23, 17], [15, 25, 7], [15, 26, 6], [15, 28, 34], [15, 15, 42], [15, 17, 22], [15, 23, 26], [15, 23, 18], [15, 23, 24], [15, 23, 16], [15, 28, 33], [16, 15, 41], [16, 16, 43], [16, 29, 32], [16, 22, 26], [16, 23, 29], [16, 23, 22], [16, 23, 28], [16, 29, 31], [16, 16, 21], [16, 17, 39], [16, 23, 20], [16, 23, 23], [16, 23, 25], [17, 15, 40], [17, 17, 22], [17, 17, 19], [17, 22, 26], [17, 28, 30], [17, 30, 28], [17, 16, 39], [17, 23, 24], [17, 29, 29], [17, 22, 26], [17, 22, 28], [18, 16, 38], [18, 17, 37], [18, 17, 20], [18, 29, 28], [18, 16, 36], [18, 17, 35], [18, 17, 24], [18, 22, 26], [18, 29, 27], [18, 17, 34], [18, 18, 33], [18, 18, 32], [19, 17, 20], [19, 18, 31], [19, 18, 30], [19, 20, 28], [19, 29, 26], [19, 16, 27], [19, 17, 22], [19, 19, 26], [19, 19, 26], [19, 29, 25], [19, 17, 19], [19, 18, 27], [20, 16, 21], [20, 29, 24], [20, 16, 21], [20, 16, 22], [20, 26, 23], [21, 24, 29], [21, 24, 30], [21, 24, 31], [21, 24, 28], [21, 24, 27], [21, 26, 23], [21, 28, 23], [21, 24, 32], [21, 24, 33], [21, 24, 34], [21, 24, 35], [21, 25, 26], [21, 25, 24], [21, 25, 25], [21, 25, 27], [21, 16, 20], [21, 24, 36], [22, 24, 37], [22, 23, 38], [22, 24, 39], [22, 24, 40], [22, 15, 19], [22, 15, 18], [23, 23, 41], [23, 24, 42], [23, 15, 17], [23, 23, 43], [23, 24, 45], [24, 24, 44], [24, 15, 16], [25, 15, 15], [25, 23, 44], [26, 16, 14], [27, 22, 43], [27, 16, 15], [27, 22, 42], [28, 17, 16], [28, 17, 17], [28, 22, 39], [28, 22, 40], [28, 22, 41], [28, 17, 18], [28, 17, 19], [28, 18, 20], [28, 18, 21], [28, 18, 22], [28, 21, 37], [28, 21, 38], [28, 18, 23], [28, 18, 24], [28, 19, 25], [28, 20, 33], [28, 20, 34], [28, 21, 35], [28, 21, 36], [29, 19, 26], [29, 19, 27], [29, 19, 28], [29, 19, 29], [29, 20, 30], [29, 20, 31], [29, 20, 32]]"
"[[14, 0, 0], [32, 32, 64], [1, 18, 15], [1, 18, 16], [1, 19, 17], [1, 19, 18], [1, 19, 19], [1, 19, 20], [1, 19, 21], [1, 19, 22], [1, 20, 23], [1, 20, 26], [1, 20, 27], [1, 20, 28], [1, 20, 29], [1, 18, 14], [1, 20, 25], [1, 17, 13], [3, 24, 51], [3, 16, 12], [4, 25, 53], [4, 15, 13], [4, 15, 14], [6, 24, 53], [6, 15, 15], [6, 24, 53], [7, 24, 54], [7, 15, 16], [7, 16, 18], [7, 24, 54], [8, 16, 17], [8, 24, 58], [8, 24, 54], [8, 24, 56], [8, 24, 57], [9, 15, 19], [9, 16, 20], [9, 16, 21], [9, 24, 55], [9, 17, 23], [9, 16, 24], [9, 17, 22], [10, 17, 25], [10, 17, 27], [10, 24, 57], [10, 24, 59], [10, 17, 26], [10, 20, 38], [10, 21, 42], [10, 24, 58], [10, 17, 10], [10, 17, 29], [10, 17, 28], [10, 18, 10], [10, 23, 59], [11, 17, 8], [11, 17, 9], [11, 17, 30], [11, 19, 27], [11, 20, 12], [11, 20, 37], [11, 24, 60], [11, 16, 7], [11, 17, 5], [11, 17, 6], [11, 17, 31], [11, 17, 32], [11, 19, 11], [11, 20, 40], [11, 20, 36], [11, 20, 38], [11, 20, 43], [11, 20, 40], [11, 23, 20], [11, 17, 34], [11, 17, 33], [11, 19, 37], [11, 20, 15], [11, 20, 14], [11, 20, 13], [11, 21, 16], [11, 21, 20], [11, 22, 22], [12, 15, 4], [12, 16, 35], [12, 16, 36], [12, 17, 36], [12, 15, 36], [12, 20, 17], [12, 20, 19], [12, 21, 18], [12, 23, 60], [12, 27, 20], [12, 22, 53], [12, 23, 58], [12, 23, 59], [12, 27, 21], [13, 14, 37], [13, 23, 57], [13, 28, 22], [13, 22, 55], [13, 22, 56], [13, 23, 54], [13, 28, 23], [13, 28, 24], [14, 14, 4], [14, 22, 48], [14, 22, 53], [14, 28, 25], [14, 14, 5], [14, 15, 38], [14, 20, 43], [14, 21, 45], [14, 21, 49], [14, 21, 50], [14, 22, 51], [14, 28, 26], [14, 14, 6], [14, 14, 7], [14, 15, 10], [14, 15, 11], [14, 21, 47], [14, 28, 26], [14, 28, 27], [15, 14, 12], [15, 15, 9], [15, 15, 39], [15, 21, 44], [15, 22, 52], [15, 28, 28], [15, 15, 8], [15, 20, 42], [15, 21, 46], [15, 28, 29], [15, 15, 13], [15, 15, 14], [15, 15, 15], [15, 15, 16], [15, 20, 37], [15, 20, 41], [15, 21, 43], [15, 28, 30], [15, 28, 31], [16, 14, 22], [16, 28, 32], [16, 14, 19], [16, 15, 17], [16, 15, 18], [16, 15, 20], [16, 20, 38], [16, 20, 40], [16, 29, 33], [16, 13, 25], [16, 14, 24], [16, 14, 21], [16, 14, 23], [16, 28, 34], [17, 13, 26], [17, 14, 26], [17, 19, 38], [17, 20, 39], [17, 29, 35], [17, 13, 27], [17, 15, 39], [17, 16, 39], [17, 16, 40], [17, 17, 39], [17, 29, 36], [17, 13, 26], [17, 17, 40], [17, 17, 38], [17, 28, 37], [18, 29, 38], [18, 13, 28], [18, 13, 29], [18, 28, 39], [18, 13, 30], [18, 17, 39], [18, 29, 40], [19, 13, 31], [19, 28, 41], [19, 14, 32], [19, 14, 33], [19, 14, 34], [19, 14, 35], [19, 28, 42], [20, 14, 36], [20, 14, 37], [20, 14, 38], [20, 27, 43], [20, 27, 44], [20, 14, 39], [20, 14, 40], [20, 14, 41], [20, 21, 36], [20, 23, 41], [20, 23, 43], [20, 25, 44], [21, 14, 42], [21, 22, 33], [21, 22, 34], [21, 22, 35], [21, 22, 37], [21, 22, 38], [21, 23, 40], [21, 23, 39], [21, 24, 42], [21, 24, 43], [21, 24, 44], [21, 13, 43], [21, 22, 31], [21, 22, 32], [21, 22, 36], [21, 13, 44], [21, 22, 30], [21, 22, 28], [22, 13, 45], [22, 22, 29], [22, 22, 27], [22, 13, 46], [22, 22, 23], [22, 22, 25], [22, 13, 47], [22, 22, 26], [23, 13, 48], [23, 23, 24], [23, 13, 49], [23, 23, 23], [23, 23, 22], [24, 23, 21], [24, 23, 18], [24, 13, 50], [24, 23, 19], [25, 23, 20], [26, 14, 50], [26, 14, 49], [27, 15, 48], [27, 22, 20], [27, 23, 19], [27, 15, 47], [27, 16, 46], [27, 22, 23], [27, 22, 21], [28, 16, 45], [28, 21, 24], [28, 22, 22], [28, 16, 44], [28, 17, 42], [28, 17, 43], [28, 21, 25], [28, 21, 26], [28, 17, 41], [28, 20, 29], [28, 20, 28], [28, 21, 27], [28, 17, 39], [28, 17, 40], [28, 18, 37], [28, 18, 38], [28, 18, 36], [28, 19, 35], [28, 19, 34], [28, 19, 33], [28, 20, 30], [28, 20, 32], [28, 20, 31]]"
"[[15, 0, 0], [32, 32, 64], [3, 14, 40], [3, 14, 39], [3, 15, 38], [3, 15, 36], [3, 15, 37], [3, 15, 35], [3, 16, 34], [3, 16, 32], [3, 16, 33], [3, 13, 43], [3, 13, 42], [3, 14, 41], [3, 16, 31], [3, 17, 30], [3, 17, 28], [3, 17, 29], [3, 17, 27], [3, 18, 26], [3, 18, 25], [3, 18, 24], [4, 12, 44], [4, 19, 23], [4, 19, 22], [4, 12, 45], [4, 19, 21], [4, 20, 20], [4, 11, 46], [4, 20, 19], [5, 20, 18], [6, 11, 46], [6, 20, 17], [7, 12, 45], [7, 21, 17], [8, 11, 44], [8, 12, 43], [9, 21, 18], [9, 12, 42], [9, 12, 41], [9, 20, 19], [10, 20, 20], [10, 20, 21], [10, 12, 40], [10, 19, 22], [11, 19, 24], [11, 19, 25], [11, 19, 23], [11, 18, 29], [11, 18, 30], [11, 18, 27], [11, 18, 28], [11, 18, 26], [11, 12, 48], [11, 13, 40], [11, 13, 41], [11, 13, 43], [11, 17, 32], [11, 17, 33], [11, 17, 34], [11, 17, 35], [11, 17, 36], [11, 18, 31], [12, 11, 53], [12, 12, 52], [12, 12, 49], [12, 13, 44], [12, 13, 45], [12, 13, 46], [12, 13, 47], [12, 13, 42], [12, 17, 37], [12, 18, 38], [12, 18, 39], [12, 20, 40], [12, 11, 54], [12, 12, 51], [12, 12, 50], [13, 11, 54], [13, 11, 51], [13, 21, 40], [13, 11, 52], [13, 15, 23], [13, 16, 21], [13, 17, 19], [13, 17, 20], [14, 9, 30], [14, 11, 51], [14, 13, 26], [14, 14, 24], [14, 14, 25], [14, 15, 22], [14, 18, 18], [14, 18, 17], [14, 22, 39], [14, 8, 31], [14, 15, 37], [14, 18, 16], [14, 8, 32], [14, 11, 30], [14, 11, 50], [14, 12, 26], [14, 19, 15], [14, 22, 38], [15, 8, 33], [15, 11, 31], [15, 11, 48], [15, 11, 49], [15, 7, 34], [15, 10, 32], [15, 11, 29], [15, 12, 25], [15, 19, 15], [15, 19, 14], [15, 23, 37], [15, 7, 35], [15, 10, 33], [15, 12, 24], [15, 19, 16], [15, 23, 36], [16, 7, 36], [16, 10, 34], [16, 10, 36], [16, 11, 45], [16, 10, 35], [16, 10, 37], [16, 11, 44], [16, 11, 47], [16, 11, 46], [16, 12, 23], [16, 17, 27], [16, 23, 35], [16, 6, 37], [16, 10, 36], [16, 12, 22], [16, 18, 18], [16, 19, 16], [16, 23, 34], [17, 9, 37], [17, 10, 41], [17, 11, 42], [17, 11, 40], [17, 18, 19], [17, 23, 33], [17, 6, 37], [17, 10, 38], [17, 11, 43], [17, 12, 29], [17, 12, 21], [17, 18, 21], [17, 19, 17], [17, 7, 38], [17, 10, 39], [17, 18, 23], [17, 23, 32], [18, 7, 39], [18, 8, 39], [18, 9, 39], [18, 12, 20], [18, 18, 20], [18, 18, 22], [18, 18, 24], [18, 18, 25], [18, 24, 31], [18, 12, 19], [18, 18, 26], [18, 18, 27], [18, 18, 28], [18, 24, 30], [18, 12, 17], [18, 18, 30], [19, 17, 31], [19, 24, 29], [19, 11, 40], [19, 12, 18], [19, 12, 40], [19, 12, 38], [19, 12, 39], [19, 24, 28], [20, 13, 37], [20, 14, 35], [20, 15, 34], [20, 15, 33], [20, 13, 36], [20, 23, 27], [20, 23, 26], [21, 22, 26], [22, 20, 28], [22, 21, 27], [22, 11, 16], [22, 19, 32], [22, 19, 33], [22, 20, 30], [22, 20, 31], [22, 20, 29], [22, 11, 15], [22, 19, 35], [22, 19, 36], [22, 19, 34], [23, 19, 37], [23, 19, 38], [23, 19, 39], [23, 19, 40], [23, 19, 41], [24, 19, 42], [24, 19, 43], [24, 19, 44], [24, 19, 45], [24, 10, 14], [25, 19, 46], [25, 10, 13], [25, 20, 47], [25, 10, 12], [25, 20, 48], [26, 10, 11], [26, 20, 49], [27, 20, 50], [27, 10, 10], [28, 11, 10], [28, 11, 11], [29, 11, 12], [29, 19, 50], [29, 11, 13], [29, 12, 14], [29, 18, 48], [29, 18, 49], [30, 18, 46], [30, 18, 47], [30, 12, 15], [30, 12, 16], [30, 17, 42], [30, 17, 43], [30, 17, 44], [30, 17, 45], [30, 12, 17], [30, 12, 18], [30, 16, 40], [30, 16, 41], [31, 12, 19], [31, 13, 20], [31, 13, 21], [31, 13, 22], [31, 13, 23], [31, 15, 33], [31, 15, 34], [31, 15, 35], [31, 16, 36], [31, 16, 37], [31, 16, 39], [31, 16, 38], [31, 13, 24], [31, 14, 25], [31, 14, 26], [31, 14, 27], [31, 14, 28], [31, 14, 29], [31, 14, 30], [31, 15, 31], [31, 15, 32]]"
"[[16, 0, 0], [32, 32, 64], [2, 14, 42], [2, 15, 41], [2, 13, 45], [2, 14, 44], [2, 14, 43], [2, 15, 40], [2, 15, 39], [2, 15, 38], [2, 16, 37], [2, 16, 36], [2, 13, 46], [2, 16, 35], [2, 16, 34], [2, 17, 32], [2, 17, 33], [2, 17, 31], [3, 13, 47], [3, 17, 30], [3, 18, 28], [3, 18, 29], [3, 18, 27], [3, 18, 26], [3, 12, 48], [3, 19, 24], [3, 19, 25], [3, 19, 23], [3, 19, 22], [4, 20, 21], [4, 20, 20], [4, 20, 19], [5, 20, 18], [5, 21, 17], [7, 11, 48], [8, 12, 46], [8, 12, 47], [9, 21, 17], [9, 21, 18], [10, 12, 45], [10, 12, 44], [10, 13, 43], [10, 13, 42], [10, 20, 19], [10, 12, 53], [10, 12, 52], [10, 12, 51], [10, 12, 46], [10, 12, 50], [10, 13, 40], [10, 20, 20], [10, 20, 21], [11, 11, 54], [11, 13, 47], [11, 13, 48], [11, 13, 49], [11, 14, 41], [11, 14, 43], [11, 20, 22], [11, 11, 55], [11, 14, 45], [11, 14, 37], [11, 19, 25], [11, 19, 26], [11, 19, 24], [11, 19, 23], [11, 14, 39], [11, 14, 38], [11, 14, 44], [11, 14, 39], [11, 15, 36], [11, 15, 35], [11, 15, 42], [11, 15, 39], [11, 16, 39], [11, 18, 28], [11, 18, 27], [12, 11, 56], [12, 15, 33], [12, 15, 34], [12, 15, 41], [12, 17, 31], [12, 17, 40], [12, 17, 29], [12, 17, 30], [12, 17, 39], [12, 20, 40], [12, 14, 29], [12, 15, 28], [12, 16, 29], [12, 16, 28], [12, 17, 27], [12, 17, 28], [12, 18, 20], [13, 17, 26], [13, 17, 25], [13, 19, 16], [13, 22, 40], [13, 10, 56], [13, 14, 27], [13, 17, 24], [13, 17, 23], [13, 18, 22], [13, 18, 21], [13, 18, 19], [13, 19, 17], [13, 11, 55], [13, 23, 39], [14, 11, 54], [14, 11, 53], [14, 13, 27], [14, 19, 18], [14, 11, 52], [14, 13, 26], [14, 19, 15], [14, 19, 14], [14, 23, 38], [14, 11, 51], [14, 20, 13], [14, 24, 37], [15, 11, 48], [15, 11, 50], [15, 11, 49], [15, 13, 25], [15, 19, 15], [15, 19, 16], [15, 20, 14], [15, 24, 36], [15, 12, 26], [15, 24, 35], [16, 11, 45], [16, 11, 47], [16, 12, 46], [16, 13, 24], [16, 19, 17], [16, 19, 18], [16, 12, 44], [16, 19, 19], [16, 24, 34], [16, 11, 41], [16, 12, 22], [16, 19, 20], [16, 24, 33], [17, 10, 38], [17, 11, 42], [17, 12, 43], [17, 19, 22], [17, 19, 23], [17, 19, 21], [17, 24, 32], [17, 13, 23], [17, 19, 24], [17, 24, 31], [17, 12, 38], [17, 12, 39], [17, 18, 29], [17, 19, 25], [17, 19, 26], [17, 19, 27], [17, 19, 28], [18, 12, 40], [18, 18, 30], [18, 24, 30], [18, 18, 31], [18, 24, 29], [18, 12, 37], [18, 12, 36], [19, 14, 34], [19, 24, 28], [19, 14, 33], [19, 15, 32], [19, 24, 27], [20, 12, 22], [20, 12, 21], [20, 24, 26], [20, 12, 23], [20, 24, 25], [21, 12, 21], [21, 12, 22], [21, 12, 20], [21, 21, 26], [21, 22, 25], [22, 20, 30], [22, 20, 31], [22, 20, 28], [22, 20, 29], [22, 20, 27], [22, 11, 18], [22, 11, 19], [22, 19, 33], [22, 19, 34], [22, 20, 32], [22, 19, 35], [23, 11, 17], [23, 19, 36], [23, 19, 37], [23, 19, 38], [23, 11, 16], [23, 19, 39], [23, 20, 40], [24, 19, 41], [24, 11, 15], [24, 19, 42], [24, 20, 43], [25, 11, 14], [25, 11, 13], [26, 19, 44], [26, 11, 12], [26, 19, 45], [27, 19, 45], [27, 19, 45], [28, 11, 12], [28, 12, 13], [28, 18, 44], [28, 18, 43], [28, 11, 14], [28, 18, 41], [28, 18, 42], [29, 12, 15], [29, 12, 16], [29, 12, 17], [29, 17, 40], [29, 12, 18], [29, 13, 19], [29, 13, 20], [29, 17, 38], [29, 17, 39], [29, 13, 21], [29, 13, 22], [29, 16, 36], [29, 17, 37], [30, 13, 23], [30, 14, 24], [30, 14, 25], [30, 16, 33], [30, 16, 34], [30, 16, 35], [30, 14, 26], [30, 14, 27], [30, 15, 28], [30, 15, 29], [30, 15, 30], [30, 15, 32], [30, 15, 31]]"
"[[17, 0, 0], [32, 32, 64], [1, 15, 46], [1, 15, 45], [1, 15, 44], [1, 16, 42], [1, 16, 41], [1, 14, 49], [1, 14, 48], [1, 14, 47], [1, 15, 43], [1, 16, 40], [1, 17, 39], [1, 17, 38], [1, 17, 37], [1, 17, 36], [1, 18, 35], [1, 18, 34], [2, 13, 50], [2, 18, 33], [2, 18, 32], [2, 19, 30], [2, 19, 31], [2, 19, 29], [2, 19, 28], [2, 20, 26], [2, 20, 27], [2, 20, 25], [2, 20, 24], [2, 20, 23], [2, 12, 51], [2, 21, 22], [3, 21, 21], [3, 21, 20], [3, 22, 19], [4, 12, 52], [4, 22, 18], [4, 22, 17], [5, 12, 51], [5, 23, 16], [6, 23, 15], [8, 23, 14], [9, 12, 52], [9, 12, 51], [10, 12, 53], [10, 12, 54], [10, 12, 55], [10, 16, 38], [10, 16, 41], [10, 16, 42], [10, 16, 43], [11, 16, 37], [11, 16, 39], [11, 16, 40], [11, 16, 44], [11, 22, 15], [11, 22, 13], [11, 16, 36], [11, 17, 35], [11, 22, 14], [11, 15, 35], [11, 16, 34], [11, 17, 33], [11, 17, 47], [11, 22, 13], [12, 17, 31], [12, 17, 32], [12, 17, 41], [12, 17, 30], [12, 18, 44], [12, 18, 43], [12, 22, 15], [12, 18, 42], [12, 18, 41], [12, 22, 10], [12, 19, 40], [12, 19, 39], [12, 20, 36], [12, 22, 11], [13, 11, 55], [13, 14, 27], [13, 15, 26], [13, 16, 27], [13, 17, 27], [13, 18, 42], [13, 19, 41], [13, 19, 38], [13, 19, 39], [13, 21, 12], [13, 11, 54], [13, 20, 38], [13, 21, 36], [14, 19, 39], [14, 11, 53], [14, 15, 26], [14, 20, 38], [14, 21, 14], [14, 12, 51], [14, 12, 52], [14, 14, 26], [14, 14, 27], [14, 20, 37], [14, 22, 10], [15, 20, 36], [15, 21, 13], [15, 22, 11], [15, 22, 33], [15, 24, 33], [15, 12, 50], [15, 20, 40], [15, 20, 37], [15, 22, 14], [15, 22, 32], [15, 12, 49], [15, 12, 47], [15, 14, 25], [15, 19, 37], [15, 21, 16], [15, 21, 19], [15, 21, 30], [15, 21, 31], [15, 25, 32], [16, 12, 48], [16, 14, 24], [16, 21, 29], [16, 21, 15], [16, 12, 46], [16, 19, 36], [16, 19, 37], [16, 21, 27], [16, 21, 22], [16, 21, 25], [16, 21, 28], [16, 25, 31], [16, 12, 45], [16, 12, 43], [16, 12, 44], [16, 14, 21], [16, 21, 18], [16, 21, 17], [16, 21, 20], [16, 26, 30], [17, 13, 42], [17, 20, 23], [17, 21, 24], [17, 21, 21], [17, 21, 26], [17, 12, 39], [17, 12, 40], [17, 15, 23], [17, 26, 29], [17, 13, 41], [17, 19, 35], [18, 12, 37], [18, 14, 21], [18, 19, 33], [18, 19, 34], [18, 26, 28], [18, 13, 38], [18, 19, 32], [18, 26, 27], [18, 13, 37], [18, 15, 23], [18, 19, 31], [19, 12, 35], [19, 13, 36], [19, 18, 27], [19, 19, 30], [19, 19, 26], [19, 19, 28], [19, 26, 26], [19, 13, 34], [19, 15, 25], [19, 19, 27], [19, 13, 33], [19, 14, 21], [19, 14, 25], [19, 16, 24], [19, 17, 24], [19, 18, 24], [19, 18, 24], [19, 26, 25], [20, 13, 30], [20, 13, 31], [20, 13, 32], [20, 14, 29], [20, 15, 24], [20, 16, 23], [20, 13, 28], [20, 15, 25], [20, 13, 27], [20, 26, 24], [20, 12, 25], [20, 12, 26], [21, 25, 23], [21, 12, 24], [21, 20, 36], [21, 20, 30], [21, 20, 31], [21, 21, 27], [21, 21, 29], [21, 21, 28], [21, 23, 22], [22, 12, 23], [22, 20, 34], [22, 20, 38], [22, 20, 32], [22, 20, 33], [22, 21, 26], [22, 22, 25], [22, 20, 35], [22, 22, 24], [22, 23, 23], [22, 12, 21], [22, 12, 22], [22, 20, 37], [22, 20, 40], [22, 20, 39], [23, 20, 42], [23, 20, 41], [23, 12, 20], [23, 20, 43], [24, 12, 19], [24, 20, 44], [24, 20, 45], [24, 20, 49], [25, 12, 18], [25, 20, 46], [25, 20, 47], [25, 20, 48], [25, 12, 17], [26, 21, 49], [26, 12, 16], [26, 12, 15], [26, 20, 48], [27, 12, 15], [27, 19, 47], [28, 13, 16], [28, 19, 46], [28, 13, 17], [28, 19, 45], [29, 13, 18], [29, 13, 19], [29, 14, 20], [29, 14, 21], [29, 18, 41], [29, 18, 43], [29, 18, 44], [29, 14, 22], [29, 14, 23], [29, 18, 40], [29, 18, 42], [29, 14, 24], [29, 17, 37], [29, 17, 38], [29, 17, 39], [30, 15, 25], [30, 15, 26], [30, 15, 27], [30, 15, 28], [30, 15, 29], [30, 16, 30], [30, 16, 31], [30, 16, 32], [30, 16, 33], [30, 17, 34], [30, 17, 35], [30, 17, 36]]"
"[[18, 0, 0], [32, 32, 64], [4, 17, 37], [4, 17, 39], [4, 18, 41], [4, 15, 30], [4, 15, 31], [4, 16, 32], [4, 16, 33], [4, 16, 34], [4, 16, 35], [4, 17, 36], [4, 17, 38], [4, 18, 40], [4, 18, 42], [5, 15, 29], [5, 19, 43], [5, 14, 25], [5, 14, 26], [5, 14, 27], [5, 14, 28], [5, 19, 44], [6, 14, 24], [6, 13, 22], [6, 13, 23], [6, 19, 45], [6, 13, 21], [7, 12, 20], [7, 19, 46], [8, 12, 19], [8, 19, 47], [8, 20, 46], [9, 12, 19], [9, 20, 46], [10, 19, 45], [11, 12, 19], [11, 19, 43], [11, 19, 44], [11, 19, 45], [12, 18, 39], [12, 18, 42], [12, 17, 37], [12, 18, 41], [12, 18, 46], [12, 16, 41], [12, 17, 38], [12, 17, 28], [12, 17, 41], [12, 17, 36], [12, 17, 38], [12, 18, 40], [12, 16, 38], [12, 16, 35], [12, 17, 34], [12, 17, 37], [12, 17, 39], [12, 18, 46], [13, 12, 17], [13, 16, 28], [13, 17, 31], [13, 17, 32], [13, 17, 33], [13, 17, 26], [13, 12, 18], [13, 16, 30], [13, 16, 42], [13, 17, 29], [13, 12, 15], [13, 17, 44], [13, 18, 27], [13, 18, 47], [13, 18, 50], [14, 12, 12], [14, 12, 14], [14, 16, 46], [14, 18, 26], [14, 19, 26], [14, 19, 26], [14, 7, 35], [14, 17, 43], [14, 17, 45], [14, 18, 47], [14, 18, 48], [15, 9, 34], [15, 12, 13], [15, 20, 26], [15, 21, 27], [15, 6, 34], [15, 10, 33], [15, 18, 49], [16, 10, 32], [16, 12, 13], [16, 21, 27], [16, 6, 33], [16, 12, 14], [16, 17, 45], [16, 17, 47], [16, 18, 46], [16, 22, 27], [16, 6, 32], [16, 10, 31], [16, 11, 12], [16, 12, 44], [16, 17, 43], [16, 23, 28], [16, 23, 27], [17, 10, 29], [17, 10, 30], [17, 11, 22], [17, 12, 16], [17, 18, 47], [17, 24, 28], [17, 6, 31], [17, 11, 14], [17, 12, 17], [17, 12, 46], [17, 11, 27], [17, 11, 28], [17, 11, 26], [17, 11, 18], [17, 17, 46], [17, 17, 42], [17, 17, 44], [17, 18, 38], [17, 23, 29], [18, 6, 30], [18, 11, 20], [18, 11, 21], [18, 11, 23], [18, 11, 24], [18, 11, 25], [18, 12, 45], [18, 12, 19], [18, 10, 25], [18, 12, 46], [18, 12, 48], [18, 17, 43], [18, 23, 30], [18, 5, 29], [18, 6, 28], [18, 11, 27], [18, 17, 42], [18, 17, 39], [18, 17, 41], [19, 11, 47], [19, 17, 37], [19, 17, 40], [19, 17, 36], [19, 17, 38], [19, 23, 31], [19, 6, 27], [19, 10, 48], [19, 23, 32], [19, 6, 26], [19, 12, 47], [19, 16, 38], [19, 17, 42], [19, 17, 34], [19, 23, 33], [20, 16, 34], [20, 16, 39], [20, 23, 34], [20, 23, 35], [20, 7, 25], [20, 16, 38], [20, 16, 36], [20, 16, 34], [20, 17, 39], [20, 23, 35], [20, 7, 24], [20, 23, 36], [20, 7, 23], [20, 22, 36], [21, 9, 22], [21, 14, 34], [21, 14, 37], [21, 23, 37], [21, 13, 30], [21, 13, 31], [21, 13, 32], [21, 14, 33], [21, 22, 37], [21, 9, 22], [21, 10, 23], [21, 11, 25], [21, 12, 26], [21, 12, 28], [21, 12, 29], [22, 10, 49], [22, 12, 24], [22, 22, 38], [22, 11, 23], [22, 20, 38], [23, 20, 36], [23, 20, 37], [23, 9, 50], [23, 20, 35], [24, 19, 33], [24, 19, 34], [24, 19, 32], [24, 9, 50], [24, 19, 31], [24, 19, 30], [25, 9, 52], [25, 19, 29], [25, 9, 51], [25, 19, 28], [26, 9, 52], [26, 19, 27], [26, 9, 53], [26, 19, 26], [27, 19, 25], [27, 19, 24], [28, 19, 23], [28, 20, 21], [29, 10, 52], [29, 10, 53], [29, 19, 22], [29, 18, 22], [29, 19, 21], [29, 19, 20], [30, 10, 51], [30, 18, 21], [30, 19, 20], [30, 11, 50], [30, 11, 49], [30, 11, 48], [31, 11, 47], [31, 12, 46], [31, 17, 24], [31, 12, 44], [31, 12, 45], [31, 12, 42], [31, 12, 43], [31, 18, 22], [31, 12, 40], [31, 12, 41], [31, 13, 39], [31, 13, 38], [31, 16, 27], [31, 17, 23], [31, 17, 25]]"
"[[19, 0, 0], [32, 32, 64], [2, 17, 42], [2, 18, 41], [2, 18, 39], [2, 17, 44], [2, 17, 43], [2, 18, 40], [2, 18, 38], [2, 19, 37], [2, 19, 35], [2, 19, 36], [2, 19, 34], [2, 20, 33], [2, 20, 31], [2, 20, 32], [2, 20, 30], [2, 20, 28], [2, 21, 27], [3, 16, 45], [3, 20, 29], [3, 21, 26], [3, 21, 24], [3, 21, 25], [3, 22, 23], [3, 22, 22], [3, 16, 46], [3, 22, 21], [3, 15, 47], [3, 23, 20], [3, 23, 19], [4, 23, 18], [4, 24, 17], [4, 24, 16], [5, 24, 15], [6, 25, 14], [7, 14, 48], [8, 15, 46], [8, 15, 47], [9, 15, 45], [9, 25, 15], [9, 15, 43], [9, 24, 16], [9, 16, 44], [9, 24, 17], [9, 24, 18], [10, 15, 46], [10, 15, 50], [10, 16, 45], [10, 16, 42], [10, 23, 20], [10, 23, 21], [10, 23, 19], [10, 15, 52], [10, 15, 51], [10, 15, 47], [10, 16, 49], [10, 16, 43], [10, 22, 24], [10, 22, 26], [10, 22, 23], [11, 14, 53], [11, 16, 48], [11, 22, 27], [11, 22, 28], [11, 22, 29], [11, 22, 25], [11, 23, 22], [11, 14, 54], [11, 17, 40], [11, 17, 42], [11, 17, 44], [11, 21, 30], [11, 21, 31], [11, 21, 32], [11, 21, 33], [11, 13, 55], [11, 21, 34], [11, 21, 35], [11, 21, 36], [11, 22, 37], [11, 22, 38], [11, 23, 40], [11, 24, 41], [12, 21, 37], [12, 22, 39], [12, 23, 41], [12, 13, 55], [12, 24, 41], [13, 13, 52], [13, 13, 54], [13, 14, 51], [13, 14, 53], [13, 25, 40], [13, 21, 17], [13, 26, 39], [14, 13, 50], [14, 19, 22], [14, 20, 20], [14, 14, 49], [14, 17, 23], [14, 20, 21], [14, 20, 18], [14, 21, 19], [14, 22, 14], [14, 26, 38], [14, 14, 47], [14, 14, 48], [14, 27, 37], [15, 14, 45], [15, 14, 46], [15, 11, 34], [15, 12, 34], [15, 14, 43], [15, 16, 23], [15, 16, 24], [15, 22, 14], [15, 27, 36], [15, 21, 19], [15, 27, 35], [16, 11, 35], [16, 13, 36], [16, 14, 42], [16, 14, 44], [16, 16, 22], [16, 21, 20], [16, 22, 17], [16, 27, 34], [16, 10, 37], [16, 13, 37], [16, 13, 38], [16, 14, 39], [16, 14, 40], [16, 14, 41], [16, 15, 20], [16, 22, 18], [16, 27, 33], [16, 10, 36], [16, 22, 19], [16, 22, 21], [17, 16, 21], [17, 21, 22], [17, 21, 24], [17, 27, 32], [17, 11, 37], [17, 15, 20], [17, 21, 26], [17, 21, 23], [17, 21, 34], [17, 22, 33], [17, 27, 31], [17, 21, 28], [17, 21, 29], [17, 21, 25], [17, 21, 30], [17, 21, 31], [17, 21, 32], [17, 27, 30], [18, 12, 37], [18, 13, 37], [18, 16, 26], [18, 21, 27], [18, 21, 34], [18, 21, 37], [18, 27, 29], [18, 12, 36], [18, 13, 36], [18, 21, 33], [18, 20, 31], [18, 21, 32], [18, 28, 28], [19, 15, 37], [19, 15, 36], [19, 15, 35], [19, 20, 30], [19, 16, 35], [19, 16, 34], [19, 17, 33], [19, 19, 30], [19, 27, 27], [19, 15, 18], [19, 17, 32], [19, 18, 31], [20, 27, 26], [20, 15, 20], [20, 15, 21], [20, 27, 25], [20, 14, 22], [20, 14, 19], [20, 26, 24], [21, 14, 20], [21, 25, 24], [21, 22, 31], [21, 22, 32], [21, 23, 29], [21, 23, 30], [21, 23, 28], [21, 23, 27], [21, 24, 26], [21, 24, 25], [22, 13, 18], [22, 22, 33], [22, 22, 34], [22, 22, 35], [22, 22, 36], [22, 14, 17], [22, 14, 16], [22, 22, 38], [22, 22, 37], [22, 22, 39], [23, 13, 15], [23, 22, 40], [23, 22, 41], [23, 22, 42], [24, 22, 43], [24, 22, 44], [24, 13, 14], [25, 22, 45], [25, 22, 46], [25, 13, 13], [25, 13, 12], [25, 22, 47], [26, 13, 11], [26, 23, 48], [27, 14, 11], [27, 22, 48], [28, 14, 12], [28, 14, 13], [28, 21, 46], [28, 21, 47], [28, 15, 14], [28, 15, 15], [29, 15, 16], [29, 20, 44], [29, 21, 45], [29, 15, 17], [29, 16, 18], [29, 16, 19], [29, 20, 41], [29, 20, 42], [29, 20, 43], [29, 16, 20], [29, 16, 21], [29, 19, 37], [29, 20, 38], [29, 20, 39], [29, 20, 40], [30, 16, 22], [30, 17, 23], [30, 17, 24], [30, 17, 25], [30, 17, 27], [30, 18, 28], [30, 18, 29], [30, 18, 30], [30, 18, 31], [30, 18, 32], [30, 19, 33], [30, 19, 34], [30, 19, 36], [30, 19, 35], [30, 17, 26]]"
